<?xml version="1.0" encoding="utf-8"?>
<ModelInformation Version="1.0">
  <Model>
    <P Name="SavedCharacterEncoding">windows-1252</P>
    <Object PropName="HDLParams" ObjectID="1" ClassName="slprops.hdlmdlprops">
      <Array PropName="mdlProps" Type="Cell" Dimension="1*2">
        <Cell Class="char">HDLSubsystem</Cell>
        <Cell Class="char">Simscape_exercise3</Cell>
      </Array>
    </Object>
    <P Name="ScopeRefreshTime">0.035000</P>
    <P Name="OverrideScopeRefreshTime">on</P>
    <P Name="DisableAllScopes">off</P>
    <P Name="DataTypeOverride">UseLocalSettings</P>
    <P Name="DataTypeOverrideAppliesTo">AllNumericTypes</P>
    <P Name="MinMaxOverflowLogging">UseLocalSettings</P>
    <P Name="MinMaxOverflowArchiveMode">Overwrite</P>
    <P Name="FPTRunName">Run 1</P>
    <P Name="MaxMDLFileLineLength">120</P>
    <P Name="UserBdParams">PhysicalModelingChecksum;PhysicalModelingParameterChecksum;PhysicalModelingProducts</P>
    <Object PropName="BdWindowsInfo" ObjectID="2" ClassName="Simulink.BDWindowsInfo">
      <Object PropName="WindowsInfo" ObjectID="3" ClassName="Simulink.WindowInfo">
        <P Name="IsActive" Class="logical">1</P>
        <P Name="Location" Class="double">[636.0, 187.0, 1382.0, 783.0]</P>
        <Object PropName="ModelBrowserInfo" ObjectID="4" ClassName="Simulink.ModelBrowserInfo">
          <P Name="Visible" Class="logical">0</P>
          <P Name="DockPosition" Class="char">Left</P>
          <P Name="Width" Class="int32">50</P>
          <P Name="Height" Class="int32">50</P>
          <P Name="Filter" Class="int32">9</P>
        </Object>
        <Object PropName="ExplorerBarInfo" ObjectID="5" ClassName="Simulink.ExplorerBarInfo">
          <P Name="Visible" Class="logical">1</P>
        </Object>
        <Object PropName="EditorsInfo" ObjectID="6" ClassName="Simulink.EditorInfo">
          <P Name="IsActive" Class="logical">1</P>
          <P Name="ViewObjType" Class="char">SimulinkTopLevel</P>
          <P Name="LoadSaveID" Class="char">0</P>
          <P Name="Extents" Class="double">[1332.0, 609.0]</P>
          <P Name="ZoomFactor" Class="double">1.25</P>
          <P Name="Offset" Class="double">[1457.6250000000005, 2.2488331315326491]</P>
        </Object>
      </Object>
    </Object>
    <UserParameters>
      <P Name="PhysicalModelingChecksum">4069525781</P>
      <P Name="PhysicalModelingParameterChecksum">3155343577</P>
      <P Name="PhysicalModelingProducts">SimElectronics|Simscape</P>
    </UserParameters>
    <ConfigManagerSettings>
      <P Name="UpdateHistory">UpdateHistoryNever</P>
      <P Name="ModifiedByFormat">%&lt;Auto&gt;</P>
      <P Name="ModifiedDateFormat">%&lt;Auto&gt;</P>
      <P Name="RTWModifiedTimeStamp">408458205</P>
      <P Name="ModelVersionFormat">1.%&lt;AutoIncrement:73&gt;</P>
    </ConfigManagerSettings>
    <EditorSettings>
      <P Name="SampleTimeColors">off</P>
      <P Name="SampleTimeAnnotations">off</P>
      <P Name="LibraryLinkDisplay">disabled</P>
      <P Name="WideLines">off</P>
      <P Name="ShowLineDimensions">off</P>
      <P Name="ShowPortDataTypes">off</P>
      <P Name="ShowDesignRanges">off</P>
      <P Name="ShowLoopsOnError">on</P>
      <P Name="IgnoreBidirectionalLines">off</P>
      <P Name="ShowStorageClass">off</P>
      <P Name="ShowTestPointIcons">on</P>
      <P Name="ShowSignalResolutionIcons">on</P>
      <P Name="ShowViewerIcons">on</P>
      <P Name="SortedOrder">off</P>
      <P Name="ExecutionContextIcon">off</P>
      <P Name="ShowLinearizationAnnotations">on</P>
      <P Name="ShowVisualizeInsertedRTB">on</P>
      <P Name="ShowMarkup">on</P>
      <P Name="BlockNameDataTip">off</P>
      <P Name="BlockParametersDataTip">off</P>
      <P Name="BlockDescriptionStringDataTip">off</P>
      <P Name="ToolBar">on</P>
      <P Name="StatusBar">on</P>
      <P Name="BrowserShowLibraryLinks">off</P>
      <P Name="BrowserLookUnderMasks">off</P>
    </EditorSettings>
    <SimulationSettings>
      <P Name="SimulationMode">normal</P>
      <P Name="PauseTimes">5</P>
      <P Name="NumberOfSteps">1</P>
      <P Name="SnapshotBufferSize">10</P>
      <P Name="SnapshotInterval">10</P>
      <P Name="NumberOfLastSnapshots">0</P>
      <P Name="LinearizationMsg">none</P>
      <P Name="Profile">off</P>
      <P Name="ParamWorkspaceSource">MATLABWorkspace</P>
      <P Name="AccelSystemTargetFile">accel.tlc</P>
      <P Name="AccelTemplateMakefile">accel_default_tmf</P>
      <P Name="AccelMakeCommand">make_rtw</P>
      <P Name="TryForcingSFcnDF">off</P>
      <Object PropName="DataLoggingOverride" ObjectID="7" ClassName="Simulink.SimulationData.ModelLoggingInfo">
        <P Name="model_" Class="char">SimscapeModel</P>
        <P Name="overrideMode_" Class="uint32">0U</P>
        <Array PropName="logAsSpecifiedByModels_" Type="Cell" Dimension="1*1">
          <Cell Class="char">SimscapeModel</Cell>
        </Array>
        <Array PropName="logAsSpecifiedByModelsSSIDs_" Type="Cell" Dimension="1*1">
          <Cell Class="double">[]</Cell>
        </Array>
      </Object>
    </SimulationSettings>
    <ExternalMode>
      <P Name="ExtModeBatchMode">off</P>
      <P Name="ExtModeEnableFloating">on</P>
      <P Name="ExtModeTrigType">manual</P>
      <P Name="ExtModeTrigMode">normal</P>
      <P Name="ExtModeTrigPort">1</P>
      <P Name="ExtModeTrigElement">any</P>
      <P Name="ExtModeTrigDuration">1000</P>
      <P Name="ExtModeTrigDurationFloating">auto</P>
      <P Name="ExtModeTrigHoldOff">0</P>
      <P Name="ExtModeTrigDelay">0</P>
      <P Name="ExtModeTrigDirection">rising</P>
      <P Name="ExtModeTrigLevel">0</P>
      <P Name="ExtModeArchiveMode">off</P>
      <P Name="ExtModeAutoIncOneShot">off</P>
      <P Name="ExtModeIncDirWhenArm">off</P>
      <P Name="ExtModeAddSuffixToVar">off</P>
      <P Name="ExtModeWriteAllDataToWs">off</P>
      <P Name="ExtModeArmWhenConnect">on</P>
      <P Name="ExtModeSkipDownloadWhenConnect">off</P>
      <P Name="ExtModeLogAll">on</P>
      <P Name="ExtModeAutoUpdateStatusClock">on</P>
    </ExternalMode>
    <ModelReferenceSettings>
      <P Name="ShowModelReferenceBlockVersion">off</P>
      <P Name="ShowModelReferenceBlockIO">off</P>
    </ModelReferenceSettings>
    <ConcurrentExecutionSettings>
      <Object PropName="DataTransfer" ObjectID="8" ClassName="Simulink.GlobalDataTransfer">
        <P Name="DefaultTransitionBetweenSyncTasks" Class="char">Ensure deterministic transfer (maximum delay)</P>
        <P Name="DefaultTransitionBetweenAsyncTasks" Class="char">Ensure data integrity only</P>
        <P Name="DefaultTransitionBetweenContTasks" Class="char">Ensure deterministic transfer (minimum delay)</P>
        <P Name="DefaultExtrapolationMethodBetweenContTasks" Class="char">None</P>
        <P Name="AutoInsertRateTranBlk" Class="logical">0</P>
      </Object>
      <P Name="ExplicitPartitioning">off</P>
    </ConcurrentExecutionSettings>
    <SystemDefaults>
      <P Name="PaperOrientation">landscape</P>
      <P Name="PaperPositionMode">auto</P>
      <P Name="PaperType">A4</P>
      <P Name="PaperUnits">centimeters</P>
      <P Name="TiledPaperMargins">[1.270000, 1.270000, 1.270000, 1.270000]</P>
      <P Name="TiledPageScale">1</P>
      <P Name="ShowPageBoundaries">off</P>
      <P Name="ModelBrowserVisibility">off</P>
      <P Name="ModelBrowserWidth">200</P>
      <P Name="ScreenColor">white</P>
    </SystemDefaults>
    <BlockDefaults>
      <P Name="ForegroundColor">black</P>
      <P Name="BackgroundColor">white</P>
      <P Name="DropShadow">off</P>
      <P Name="NamePlacement">normal</P>
      <P Name="FontName">Helvetica</P>
      <P Name="FontSize">10</P>
      <P Name="FontWeight">normal</P>
      <P Name="FontAngle">normal</P>
      <P Name="ShowName">on</P>
      <P Name="BlockRotation">0</P>
      <P Name="BlockMirror">off</P>
    </BlockDefaults>
    <AnnotationDefaults>
      <P Name="HorizontalAlignment">center</P>
      <P Name="VerticalAlignment">middle</P>
      <P Name="ForegroundColor">black</P>
      <P Name="BackgroundColor">white</P>
      <P Name="DropShadow">off</P>
      <P Name="FontName">Helvetica</P>
      <P Name="FontSize">10</P>
      <P Name="FontWeight">normal</P>
      <P Name="FontAngle">normal</P>
      <P Name="UseDisplayTextAsClickCallback">off</P>
    </AnnotationDefaults>
    <LineDefaults>
      <P Name="FontName">Helvetica</P>
      <P Name="FontSize">9</P>
      <P Name="FontWeight">normal</P>
      <P Name="FontAngle">normal</P>
    </LineDefaults>
    <MaskDefaults>
      <P Name="SelfModifiable">off</P>
      <P Name="IconFrame">on</P>
      <P Name="IconOpaque">on</P>
      <P Name="RunInitForIconRedraw">off</P>
      <P Name="IconRotate">none</P>
      <P Name="PortRotate">default</P>
      <P Name="IconUnits">autoscale</P>
    </MaskDefaults>
    <MaskParameterDefaults>
      <P Name="Evaluate">on</P>
      <P Name="Tunable">on</P>
      <P Name="NeverSave">off</P>
      <P Name="Internal">off</P>
      <P Name="ReadOnly">off</P>
      <P Name="Enabled">on</P>
      <P Name="Visible">on</P>
      <P Name="ToolTip">on</P>
    </MaskParameterDefaults>
    <BlockParameterDefaults>
      <Block BlockType="Constant">
        <P Name="Value">1</P>
        <P Name="VectorParams1D">on</P>
        <P Name="SamplingMode">Sample based</P>
        <P Name="OutMin">[]</P>
        <P Name="OutMax">[]</P>
        <P Name="OutDataTypeStr">Inherit: Inherit from &apos;Constant value&apos;</P>
        <P Name="LockScale">off</P>
        <P Name="SampleTime">inf</P>
        <P Name="FramePeriod">inf</P>
        <P Name="PreserveConstantTs">off</P>
      </Block>
      <Block BlockType="Product">
        <P Name="Inputs">2</P>
        <P Name="Multiplication">Element-wise(.*)</P>
        <P Name="CollapseMode">All dimensions</P>
        <P Name="CollapseDim">1</P>
        <P Name="InputSameDT">on</P>
        <P Name="OutMin">[]</P>
        <P Name="OutMax">[]</P>
        <P Name="OutDataTypeStr">Inherit: Same as first input</P>
        <P Name="LockScale">off</P>
        <P Name="RndMeth">Zero</P>
        <P Name="SaturateOnIntegerOverflow">on</P>
        <P Name="SampleTime">-1</P>
      </Block>
      <Block BlockType="Scope">
        <P Name="DefaultConfigurationName">Simulink.scopes.TimeScopeBlockCfg</P>
        <P Name="NumInputPorts">1</P>
        <P Name="Floating">off</P>
      </Block>
      <Block BlockType="Sin">
        <P Name="SineType">Time based</P>
        <P Name="TimeSource">Use simulation time</P>
        <P Name="Amplitude">1</P>
        <P Name="Bias">0</P>
        <P Name="Frequency">1</P>
        <P Name="Phase">0</P>
        <P Name="Samples">10</P>
        <P Name="Offset">0</P>
        <P Name="SampleTime">-1</P>
        <P Name="VectorParams1D">on</P>
      </Block>
      <Block BlockType="Step">
        <P Name="Time">1</P>
        <P Name="Before">0</P>
        <P Name="After">1</P>
        <P Name="SampleTime">-1</P>
        <P Name="VectorParams1D">on</P>
        <P Name="ZeroCross">on</P>
      </Block>
      <Block BlockType="Sum">
        <P Name="IconShape">rectangular</P>
        <P Name="Inputs">++</P>
        <P Name="CollapseMode">All dimensions</P>
        <P Name="CollapseDim">1</P>
        <P Name="InputSameDT">on</P>
        <P Name="AccumDataTypeStr">Inherit: Inherit via internal rule</P>
        <P Name="OutMin">[]</P>
        <P Name="OutMax">[]</P>
        <P Name="OutDataTypeStr">Inherit: Same as first input</P>
        <P Name="LockScale">off</P>
        <P Name="RndMeth">Floor</P>
        <P Name="SaturateOnIntegerOverflow">on</P>
        <P Name="SampleTime">-1</P>
      </Block>
      <Block BlockType="ToWorkspace">
        <P Name="VariableName">simulink_output</P>
        <P Name="MaxDataPoints">1000</P>
        <P Name="Decimation">1</P>
        <P Name="SaveFormat">Array</P>
        <P Name="Save2DSignal">Inherit from input (this choice will be removed - see release notes)</P>
        <P Name="FixptAsFi">off</P>
        <P Name="NumInputs">1</P>
        <P Name="SampleTime">0</P>
      </Block>
    </BlockParameterDefaults>
    <System>
      <P Name="Location">[636, 187, 2018, 970]</P>
      <P Name="Open">on</P>
      <P Name="TiledPaperMargins">[1.270000, 1.270000, 1.270000, 1.270000]</P>
      <P Name="ZoomFactor">125</P>
      <P Name="ReportName">simulink-default.rpt</P>
      <P Name="SIDHighWatermark">79</P>
      <Block BlockType="Sum" Name="Add" SID="67">
        <P Name="Ports">[2, 1]</P>
        <P Name="Position">[1285, 212, 1315, 243]</P>
        <P Name="ZOrder">81</P>
        <P Name="InputSameDT">off</P>
        <P Name="OutDataTypeStr">Inherit: Inherit via internal rule</P>
        <P Name="SaturateOnIntegerOverflow">off</P>
      </Block>
      <Block BlockType="Reference" Name="Compare&#xA;To Zero" SID="68">
        <P Name="Ports">[1, 1]</P>
        <P Name="Position">[1160, 220, 1190, 250]</P>
        <P Name="ZOrder">82</P>
        <P Name="LibraryVersion">1.358</P>
        <P Name="SourceBlock">simulink/Logic and Bit
Operations/Compare
To Zero</P>
        <P Name="SourceType">Compare To Zero</P>
        <InstanceData>
          <P Name="ContentPreviewEnabled">off</P>
          <P Name="relop">&lt;=</P>
          <P Name="OutDataTypeStr">boolean</P>
          <P Name="ZeroCross">on</P>
        </InstanceData>
      </Block>
      <Block BlockType="Constant" Name="Constant" SID="69">
        <P Name="Position">[1070, 205, 1100, 235]</P>
        <P Name="ZOrder">79</P>
        <P Name="Value">Sine_wave</P>
      </Block>
      <Block BlockType="Reference" Name="Controlled Voltage&#xA;Source" SID="47">
        <P Name="Ports">[0, 0, 0, 0, 0, 1, 2]</P>
        <P Name="Position">[1470, 175, 1510, 215]</P>
        <P Name="ZOrder">63</P>
        <P Name="BlockRotation">270</P>
        <P Name="BlockMirror">on</P>
        <P Name="LibraryVersion">8.61</P>
        <P Name="SourceBlock">fl_lib/Electrical/Electrical Sources/Controlled Voltage
Source</P>
        <P Name="SourceType">Controlled Voltage
Source</P>
        <InstanceData>
          <P Name="LogSimulationData">off</P>
          <P Name="SourceFile">foundation.electrical.sources.controlled_voltage</P>
          <P Name="ComponentPath">foundation.electrical.sources.controlled_voltage</P>
          <P Name="ComponentVariants">foundation.electrical.sources.controlled_voltage</P>
          <P Name="ComponentVariantNames">controlled_voltage</P>
          <P Name="ClassName">controlled_voltage</P>
          <P Name="SchemaVersion">1</P>
        </InstanceData>
      </Block>
      <Block BlockType="Reference" Name="DC Motor" SID="31">
        <P Name="Ports">[0, 0, 0, 0, 0, 2, 2]</P>
        <P Name="Position">[1555, 185, 1635, 235]</P>
        <P Name="ZOrder">47</P>
        <P Name="BlockRotation">270</P>
        <P Name="BlockMirror">on</P>
        <P Name="LibraryVersion">8.61</P>
        <P Name="SourceBlock">elec_lib/Actuators &amp; Drivers/Rotational Actuators/DC Motor</P>
        <P Name="SourceType">DC Motor</P>
        <InstanceData>
          <P Name="LogSimulationData">off</P>
          <P Name="SourceFile">elec.actuators.rotational.dc_motor</P>
          <P Name="ComponentPath">elec.actuators.rotational.dc_motor</P>
          <P Name="ComponentVariants">elec.actuators.rotational.dc_motor, elec.actuators.rotational.dc_motor_thermal</P>
          <P Name="ComponentVariantNames">No thermal port, Show thermal port</P>
          <P Name="ClassName">Simscape variant</P>
          <P Name="SchemaVersion">1</P>
          <P Name="parameterization">1</P>
          <P Name="parameterization_unit">1</P>
          <P Name="Ra">R</P>
          <P Name="Ra_unit">Ohm</P>
          <P Name="La">L</P>
          <P Name="La_unit">H</P>
          <P Name="emf_or_torque">1</P>
          <P Name="emf_or_torque_unit">1</P>
          <P Name="Kv">Kemf</P>
          <P Name="Kv_unit">V/(rad/s)</P>
          <P Name="Ki">6.876e-4</P>
          <P Name="Ki_unit">N*m/A</P>
          <P Name="T_stall">2.4e-4</P>
          <P Name="T_stall_unit">N*m</P>
          <P Name="w_max">1.91e+4</P>
          <P Name="w_max_unit">rpm</P>
          <P Name="w_rated">1.5e+4</P>
          <P Name="w_rated_unit">rpm</P>
          <P Name="P_rated">0.08</P>
          <P Name="P_rated_unit">W</P>
          <P Name="V_rated">1.5</P>
          <P Name="V_rated_unit">V</P>
          <P Name="J">Jm</P>
          <P Name="J_unit">kg*m^2</P>
          <P Name="lam_param">1</P>
          <P Name="lam_param_unit">1</P>
          <P Name="lam">dm</P>
          <P Name="lam_unit">N*m/(rad/s)</P>
          <P Name="i_noload">0</P>
          <P Name="i_noload_unit">A</P>
          <P Name="V_i_noload">1.5</P>
          <P Name="V_i_noload_unit">V</P>
          <P Name="speed0">0</P>
          <P Name="speed0_unit">rpm</P>
          <P Name="alpha">0.00393</P>
          <P Name="alpha_unit">1/K</P>
          <P Name="Tmeas">25</P>
          <P Name="Tmeas_unit">C</P>
          <P Name="thermal_mass">100</P>
          <P Name="thermal_mass_unit">J/K</P>
          <P Name="initial_temperature">25</P>
          <P Name="initial_temperature_unit">C</P>
        </InstanceData>
      </Block>
      <Block BlockType="Reference" Name="Electrical Reference" SID="34">
        <P Name="Ports">[0, 0, 0, 0, 0, 1]</P>
        <P Name="Position">[1520, 300, 1540, 320]</P>
        <P Name="ZOrder">50</P>
        <P Name="BlockRotation">270</P>
        <P Name="BlockMirror">on</P>
        <P Name="LibraryVersion">8.61</P>
        <P Name="SourceBlock">fl_lib/Electrical/Electrical Elements/Electrical Reference</P>
        <P Name="SourceType">Electrical Reference</P>
        <InstanceData>
          <P Name="LogSimulationData">off</P>
          <P Name="SourceFile">foundation.electrical.elements.reference</P>
          <P Name="ComponentPath">foundation.electrical.elements.reference</P>
          <P Name="ComponentVariants">foundation.electrical.elements.reference</P>
          <P Name="ComponentVariantNames">reference</P>
          <P Name="ClassName">reference</P>
          <P Name="SchemaVersion">1</P>
        </InstanceData>
      </Block>
      <Block BlockType="Reference" Name="Gear Box" SID="37">
        <P Name="Ports">[0, 0, 0, 0, 0, 1, 1]</P>
        <P Name="Position">[1640, 145, 1680, 185]</P>
        <P Name="ZOrder">96</P>
        <P Name="LibraryVersion">8.61</P>
        <P Name="SourceBlock">fl_lib/Mechanical/Mechanisms/Gear Box</P>
        <P Name="SourceType">Gear Box</P>
        <InstanceData>
          <P Name="LogSimulationData">off</P>
          <P Name="SourceFile">foundation.mechanical.mechanisms.gear_box</P>
          <P Name="ComponentPath">foundation.mechanical.mechanisms.gear_box</P>
          <P Name="ComponentVariants">foundation.mechanical.mechanisms.gear_box</P>
          <P Name="ComponentVariantNames">gear_box</P>
          <P Name="ClassName">gear_box</P>
          <P Name="SchemaVersion">1</P>
          <P Name="ratio">n</P>
          <P Name="ratio_unit">1</P>
          <P Name="t_in_specify">off</P>
          <P Name="t_in_priority">High</P>
          <P Name="t_in">0</P>
          <P Name="t_in_unit">N*m</P>
          <P Name="t_out_specify">off</P>
          <P Name="t_out_priority">High</P>
          <P Name="t_out">0</P>
          <P Name="t_out_unit">N*m</P>
        </InstanceData>
      </Block>
      <Block BlockType="Reference" Name="Ideal Rotational&#xA;Motion Sensor" SID="40">
        <P Name="Ports">[0, 0, 0, 0, 0, 1, 3]</P>
        <P Name="Position">[2195, 125, 2235, 165]</P>
        <P Name="ZOrder">56</P>
        <P Name="LibraryVersion">8.61</P>
        <P Name="SourceBlock">fl_lib/Mechanical/Mechanical Sensors/Ideal Rotational
Motion Sensor</P>
        <P Name="SourceType">Ideal Rotational
Motion Sensor</P>
        <InstanceData>
          <P Name="LogSimulationData">off</P>
          <P Name="SourceFile">foundation.mechanical.sensors.angular_velocity</P>
          <P Name="ComponentPath">foundation.mechanical.sensors.angular_velocity</P>
          <P Name="ComponentVariants">foundation.mechanical.sensors.angular_velocity</P>
          <P Name="ComponentVariantNames">angular_velocity</P>
          <P Name="ClassName">angular_velocity</P>
          <P Name="SchemaVersion">1</P>
          <P Name="offset">0</P>
          <P Name="offset_unit">rad</P>
        </InstanceData>
      </Block>
      <Block BlockType="Reference" Name="Ideal Torque Sensor" SID="59">
        <P Name="Ports">[0, 0, 0, 0, 0, 1, 2]</P>
        <P Name="Position">[1740, 145, 1780, 185]</P>
        <P Name="ZOrder">69</P>
        <P Name="LibraryVersion">8.61</P>
        <P Name="SourceBlock">fl_lib/Mechanical/Mechanical Sensors/Ideal Torque Sensor</P>
        <P Name="SourceType">Ideal Torque Sensor</P>
        <InstanceData>
          <P Name="LogSimulationData">off</P>
          <P Name="SourceFile">foundation.mechanical.sensors.torque</P>
          <P Name="ComponentPath">foundation.mechanical.sensors.torque</P>
          <P Name="ComponentVariants">foundation.mechanical.sensors.torque</P>
          <P Name="ComponentVariantNames">torque</P>
          <P Name="ClassName">torque</P>
          <P Name="SchemaVersion">1</P>
        </InstanceData>
      </Block>
      <Block BlockType="Reference" Name="Ideal Torque Sensor1" SID="63">
        <P Name="Ports">[0, 0, 0, 0, 0, 1, 2]</P>
        <P Name="Position">[1955, 135, 1995, 175]</P>
        <P Name="ZOrder">73</P>
        <P Name="LibraryVersion">8.61</P>
        <P Name="SourceBlock">fl_lib/Mechanical/Mechanical Sensors/Ideal Torque Sensor</P>
        <P Name="SourceType">Ideal Torque Sensor</P>
        <InstanceData>
          <P Name="LogSimulationData">off</P>
          <P Name="SourceFile">foundation.mechanical.sensors.torque</P>
          <P Name="ComponentPath">foundation.mechanical.sensors.torque</P>
          <P Name="ComponentVariants">foundation.mechanical.sensors.torque</P>
          <P Name="ComponentVariantNames">torque</P>
          <P Name="ClassName">torque</P>
          <P Name="SchemaVersion">1</P>
        </InstanceData>
      </Block>
      <Block BlockType="Reference" Name="Inertia" SID="38">
        <P Name="Ports">[0, 0, 0, 0, 0, 1]</P>
        <P Name="Position">[2035, 150, 2075, 190]</P>
        <P Name="ZOrder">54</P>
        <P Name="BlockRotation">270</P>
        <P Name="BlockMirror">on</P>
        <P Name="LibraryVersion">8.61</P>
        <P Name="SourceBlock">fl_lib/Mechanical/Rotational Elements/Inertia</P>
        <P Name="SourceType">Inertia</P>
        <InstanceData>
          <P Name="LogSimulationData">off</P>
          <P Name="SourceFile">foundation.mechanical.rotational.inertia</P>
          <P Name="ComponentPath">foundation.mechanical.rotational.inertia</P>
          <P Name="ComponentVariants">foundation.mechanical.rotational.inertia</P>
          <P Name="ComponentVariantNames">inertia</P>
          <P Name="ClassName">inertia</P>
          <P Name="SchemaVersion">1</P>
          <P Name="inertia">J1</P>
          <P Name="inertia_unit">kg*m^2</P>
          <P Name="w_specify">off</P>
          <P Name="w_priority">High</P>
          <P Name="w">0</P>
          <P Name="w_unit">rad/s</P>
          <P Name="t_specify">off</P>
          <P Name="t_priority">High</P>
          <P Name="t">0</P>
          <P Name="t_unit">N*m</P>
        </InstanceData>
      </Block>
      <Block BlockType="Reference" Name="Inertia1" SID="39">
        <P Name="Ports">[0, 0, 0, 0, 0, 1]</P>
        <P Name="Position">[2105, 150, 2145, 190]</P>
        <P Name="ZOrder">55</P>
        <P Name="BlockRotation">270</P>
        <P Name="BlockMirror">on</P>
        <P Name="LibraryVersion">8.61</P>
        <P Name="SourceBlock">fl_lib/Mechanical/Rotational Elements/Inertia</P>
        <P Name="SourceType">Inertia</P>
        <InstanceData>
          <P Name="LogSimulationData">off</P>
          <P Name="SourceFile">foundation.mechanical.rotational.inertia</P>
          <P Name="ComponentPath">foundation.mechanical.rotational.inertia</P>
          <P Name="ComponentVariants">foundation.mechanical.rotational.inertia</P>
          <P Name="ComponentVariantNames">inertia</P>
          <P Name="ClassName">inertia</P>
          <P Name="SchemaVersion">1</P>
          <P Name="inertia">J2</P>
          <P Name="inertia_unit">kg*m^2</P>
          <P Name="w_specify">off</P>
          <P Name="w_priority">High</P>
          <P Name="w">0</P>
          <P Name="w_unit">rad/s</P>
          <P Name="t_specify">off</P>
          <P Name="t_priority">High</P>
          <P Name="t">0</P>
          <P Name="t_unit">N*m</P>
        </InstanceData>
      </Block>
      <Block BlockType="Reference" Name="Mechanical&#xA;Rotational Reference" SID="36">
        <P Name="Ports">[0, 0, 0, 0, 0, 1]</P>
        <P Name="Position">[1720, 395, 1740, 415]</P>
        <P Name="ZOrder">52</P>
        <P Name="BlockRotation">270</P>
        <P Name="BlockMirror">on</P>
        <P Name="LibraryVersion">8.61</P>
        <P Name="SourceBlock">fl_lib/Mechanical/Rotational Elements/Mechanical
Rotational Reference</P>
        <P Name="SourceType">Mechanical
Rotational Reference</P>
        <InstanceData>
          <P Name="LogSimulationData">off</P>
          <P Name="SourceFile">foundation.mechanical.rotational.reference</P>
          <P Name="ComponentPath">foundation.mechanical.rotational.reference</P>
          <P Name="ComponentVariants">foundation.mechanical.rotational.reference</P>
          <P Name="ComponentVariantNames">reference</P>
          <P Name="ClassName">reference</P>
          <P Name="SchemaVersion">1</P>
        </InstanceData>
      </Block>
      <Block BlockType="Reference" Name="PS-Simulink&#xA;Converter1" SID="60">
        <P Name="Ports">[0, 1, 0, 0, 0, 1]</P>
        <P Name="Position">[1840, 270, 1870, 300]</P>
        <P Name="ZOrder">70</P>
        <P Name="LibraryVersion">1.1</P>
        <P Name="SourceBlock">nesl_utility/PS-Simulink
Converter</P>
        <P Name="SourceType">PS-Simulink
Converter</P>
        <InstanceData>
          <P Name="ContentPreviewEnabled">off</P>
          <P Name="PhysicalDomain">network_engine_domain</P>
          <P Name="SubClassName">ps_output</P>
          <P Name="LeftPortType">input</P>
          <P Name="RightPortType">output</P>
          <P Name="PseudoPeriodic">off</P>
          <P Name="Frequencies">[]</P>
          <P Name="Unit">N*m</P>
          <P Name="AffineConversion">off</P>
        </InstanceData>
      </Block>
      <Block BlockType="Reference" Name="PS-Simulink&#xA;Converter2" SID="41">
        <P Name="Ports">[0, 1, 0, 0, 0, 1]</P>
        <P Name="Position">[2295, 145, 2325, 175]</P>
        <P Name="ZOrder">57</P>
        <P Name="LibraryVersion">1.1</P>
        <P Name="SourceBlock">nesl_utility/PS-Simulink
Converter</P>
        <P Name="SourceType">PS-Simulink
Converter</P>
        <InstanceData>
          <P Name="ContentPreviewEnabled">off</P>
          <P Name="PhysicalDomain">network_engine_domain</P>
          <P Name="SubClassName">ps_output</P>
          <P Name="LeftPortType">input</P>
          <P Name="RightPortType">output</P>
          <P Name="PseudoPeriodic">off</P>
          <P Name="Frequencies">[]</P>
          <P Name="Unit">1</P>
          <P Name="AffineConversion">off</P>
        </InstanceData>
      </Block>
      <Block BlockType="Reference" Name="PS-Simulink&#xA;Converter3" SID="42">
        <P Name="Ports">[0, 1, 0, 0, 0, 1]</P>
        <P Name="Position">[2295, 195, 2325, 225]</P>
        <P Name="ZOrder">58</P>
        <P Name="LibraryVersion">1.1</P>
        <P Name="SourceBlock">nesl_utility/PS-Simulink
Converter</P>
        <P Name="SourceType">PS-Simulink
Converter</P>
        <InstanceData>
          <P Name="ContentPreviewEnabled">off</P>
          <P Name="PhysicalDomain">network_engine_domain</P>
          <P Name="SubClassName">ps_output</P>
          <P Name="LeftPortType">input</P>
          <P Name="RightPortType">output</P>
          <P Name="PseudoPeriodic">off</P>
          <P Name="Frequencies">[]</P>
          <P Name="Unit">1</P>
          <P Name="AffineConversion">off</P>
        </InstanceData>
      </Block>
      <Block BlockType="Reference" Name="PS-Simulink&#xA;Converter4" SID="64">
        <P Name="Ports">[0, 1, 0, 0, 0, 1]</P>
        <P Name="Position">[2095, 270, 2125, 300]</P>
        <P Name="ZOrder">74</P>
        <P Name="LibraryVersion">1.1</P>
        <P Name="SourceBlock">nesl_utility/PS-Simulink
Converter</P>
        <P Name="SourceType">PS-Simulink
Converter</P>
        <InstanceData>
          <P Name="ContentPreviewEnabled">off</P>
          <P Name="PhysicalDomain">network_engine_domain</P>
          <P Name="SubClassName">ps_output</P>
          <P Name="LeftPortType">input</P>
          <P Name="RightPortType">output</P>
          <P Name="PseudoPeriodic">off</P>
          <P Name="Frequencies">[]</P>
          <P Name="Unit">N*m</P>
          <P Name="AffineConversion">off</P>
        </InstanceData>
      </Block>
      <Block BlockType="Product" Name="Product" SID="70">
        <P Name="Ports">[2, 1]</P>
        <P Name="Position">[1215, 152, 1245, 183]</P>
        <P Name="ZOrder">78</P>
        <P Name="InputSameDT">off</P>
        <P Name="OutDataTypeStr">Inherit: Inherit via internal rule</P>
        <P Name="RndMeth">Floor</P>
        <P Name="SaturateOnIntegerOverflow">off</P>
      </Block>
      <Block BlockType="Product" Name="Product1" SID="71">
        <P Name="Ports">[2, 1]</P>
        <P Name="Position">[1225, 307, 1255, 338]</P>
        <P Name="ZOrder">80</P>
        <P Name="InputSameDT">off</P>
        <P Name="OutDataTypeStr">Inherit: Inherit via internal rule</P>
        <P Name="RndMeth">Floor</P>
        <P Name="SaturateOnIntegerOverflow">off</P>
      </Block>
      <Block BlockType="Reference" Name="Rotational Friction" SID="52">
        <P Name="Ports">[0, 0, 0, 0, 0, 1, 1]</P>
        <P Name="Position">[1864, 135, 1904, 175]</P>
        <P Name="ZOrder">89</P>
        <P Name="LibraryVersion">8.61</P>
        <P Name="SourceBlock">fl_lib/Mechanical/Rotational Elements/Rotational Friction</P>
        <P Name="SourceType">Rotational Friction</P>
        <InstanceData>
          <P Name="LogSimulationData">off</P>
          <P Name="SourceFile">foundation.mechanical.rotational.friction</P>
          <P Name="ComponentPath">foundation.mechanical.rotational.friction</P>
          <P Name="ComponentVariants">foundation.mechanical.rotational.friction</P>
          <P Name="ComponentVariantNames">friction</P>
          <P Name="ClassName">friction</P>
          <P Name="SchemaVersion">1</P>
          <P Name="brkwy_trq">Tc</P>
          <P Name="brkwy_trq_unit">N*m</P>
          <P Name="Col_trq">Tc</P>
          <P Name="Col_trq_unit">N*m</P>
          <P Name="visc_coef">0</P>
          <P Name="visc_coef_unit">N*m/(rad/s)</P>
          <P Name="trans_coef">10</P>
          <P Name="trans_coef_unit">s/rad</P>
          <P Name="vel_thr">1e-1</P>
          <P Name="vel_thr_unit">rad/s</P>
          <P Name="w_specify">off</P>
          <P Name="w_priority">High</P>
          <P Name="w">0</P>
          <P Name="w_unit">rad/s</P>
          <P Name="t_specify">off</P>
          <P Name="t_priority">High</P>
          <P Name="t">Tc</P>
          <P Name="t_unit">N*m</P>
        </InstanceData>
      </Block>
      <Block BlockType="Scope" Name="Scope" SID="74">
        <P Name="Ports">[2]</P>
        <P Name="Position">[2118, 365, 2162, 395]</P>
        <P Name="ZOrder">83</P>
        <P Name="BlockRotation">270</P>
        <P Name="BlockMirror">on</P>
        <P Name="ScopeSpecificationString">Simulink.scopes.TimeScopeBlockCfg(&apos;CurrentConfiguration&apos;, extmgr.ConfigurationSet(extmgr.Configuration(&apos;Core&apos;,&apos;General UI&apos;,true),extmgr.Configuration(&apos;Core&apos;,&apos;Source UI&apos;,true),extmgr.Configuration(&apos;Sources&apos;,&apos;WiredSimulink&apos;,true,&apos;DataLoggingSaveFormat&apos;,&apos;StructureWithTime&apos;,&apos;DataLoggingDecimation&apos;,&apos;1&apos;,&apos;DataLoggingDecimateData&apos;,true),extmgr.Configuration(&apos;Visuals&apos;,&apos;Time Domain&apos;,true,&apos;SerializedDisplays&apos;,{struct(&apos;MinYLimReal&apos;,&apos;-0.00125&apos;,&apos;MaxYLimReal&apos;,&apos;0.00125&apos;,&apos;YLabelReal&apos;,&apos;&apos;,&apos;MinYLimMag&apos;,&apos;0.00000&apos;,&apos;MaxYLimMag&apos;,&apos;0.00125&apos;,&apos;LegendVisibility&apos;,&apos;Off&apos;,&apos;XGrid&apos;,true,&apos;YGrid&apos;,true,&apos;PlotMagPhase&apos;,false,&apos;AxesColor&apos;,[0 0 0],&apos;AxesTickColor&apos;,[0.686274509803922 0.686274509803922 0.686274509803922],&apos;ColorOrder&apos;,[1 1 0.0666666666666667;0.0745098039215686 0.623529411764706 1;1 0.411764705882353 0.16078431372549;0.392156862745098 0.831372549019608 0.0745098039215686;0.717647058823529 0.274509803921569 1;0.0588235294117647 1 1;1 0.0745098039215686 0.650980392156863],&apos;Title&apos;,&apos;%&lt;SignalLabel&gt;&apos;,&apos;LinePropertiesCache&apos;,{{}},&apos;UserDefinedChannelNames&apos;,{{}},&apos;NumLines&apos;,1,&apos;LineNames&apos;,{{&apos;PS-Simulink Converter1&apos;}},&apos;ShowContent&apos;,true,&apos;Placement&apos;,1),struct(&apos;MinYLimReal&apos;,&apos;-0.00125&apos;,&apos;MaxYLimReal&apos;,&apos;0.00125&apos;,&apos;YLabelReal&apos;,&apos;&apos;,&apos;MinYLimMag&apos;,&apos;0&apos;,&apos;MaxYLimMag&apos;,&apos;10&apos;,&apos;LegendVisibility&apos;,&apos;off&apos;,&apos;XGrid&apos;,true,&apos;YGrid&apos;,true,&apos;PlotMagPhase&apos;,false,&apos;AxesColor&apos;,[0 0 0],&apos;AxesTickColor&apos;,[0.686274509803922 0.686274509803922 0.686274509803922],&apos;ColorOrder&apos;,[1 1 0.0666666666666667;0.0745098039215686 0.623529411764706 1;1 0.411764705882353 0.16078431372549;0.392156862745098 0.831372549019608 0.0745098039215686;0.717647058823529 0.274509803921569 1;0.0588235294117647 1 1;1 0.0745098039215686 0.650980392156863],&apos;Title&apos;,&apos;%&lt;SignalLabel&gt;&apos;,&apos;LinePropertiesCache&apos;,{{}},&apos;UserDefinedChannelNames&apos;,{{}},&apos;NumLines&apos;,1,&apos;LineNames&apos;,{{&apos;PS-Simulink Converter4&apos;}},&apos;ShowContent&apos;,true,&apos;Placement&apos;,2)},&apos;DisplayPropertyDefaults&apos;,struct(&apos;YLabelReal&apos;,&apos;&apos;,&apos;AxesColor&apos;,[0 0 0],&apos;AxesTickColor&apos;,[0.686274509803922 0.686274509803922 0.686274509803922],&apos;ColorOrder&apos;,[1 1 0.0666666666666667;0.0745098039215686 0.623529411764706 1;1 0.411764705882353 0.16078431372549;0.392156862745098 0.831372549019608 0.0745098039215686;0.717647058823529 0.274509803921569 1;0.0588235294117647 1 1;1 0.0745098039215686 0.650980392156863],&apos;Title&apos;,&apos;%&lt;SignalLabel&gt;&apos;,&apos;LinePropertiesCache&apos;,{{}},&apos;UserDefinedChannelNames&apos;,{{}},&apos;NumLines&apos;,0,&apos;LineNames&apos;,{{[]}},&apos;ShowContent&apos;,true,&apos;Placement&apos;,1),&apos;DisplayLayoutDimensions&apos;,[1 2]),extmgr.Configuration(&apos;Tools&apos;,&apos;Plot Navigation&apos;,true,&apos;OnceAtStop&apos;,false),extmgr.Configuration(&apos;Tools&apos;,&apos;Measurements&apos;,true,&apos;Version&apos;,&apos;2015b&apos;)),&apos;Version&apos;,&apos;2015b&apos;,&apos;Location&apos;,[575 478 1135 898])</P>
        <P Name="NumInputPorts">2</P>
      </Block>
      <Block BlockType="Reference" Name="Simulink-PS&#xA;Converter1" SID="46">
        <P Name="Ports">[1, 0, 0, 0, 0, 0, 1]</P>
        <P Name="Position">[1375, 212, 1405, 248]</P>
        <P Name="ZOrder">62</P>
        <P Name="LibraryVersion">1.1</P>
        <P Name="SourceBlock">nesl_utility/Simulink-PS
Converter</P>
        <P Name="SourceType">Simulink-PS
Converter</P>
        <InstanceData>
          <P Name="ContentPreviewEnabled">off</P>
          <P Name="PhysicalDomain">network_engine_domain</P>
          <P Name="SubClassName">ps_input</P>
          <P Name="LeftPortType">input</P>
          <P Name="RightPortType">output</P>
          <P Name="PseudoPeriodic">off</P>
          <P Name="Frequencies">[]</P>
          <P Name="NoiseDistribution">none</P>
          <P Name="NoiseParameters">[]</P>
          <P Name="Unit">1</P>
          <P Name="AffineConversion">off</P>
          <P Name="InputFiltering">off</P>
          <P Name="SimscapeFilterOrder">1</P>
          <P Name="InputFilterTimeConstant">0.001</P>
          <P Name="UdotUserProvided">1</P>
        </InstanceData>
      </Block>
      <Block BlockType="Sin" Name="Sine Wave" SID="72">
        <P Name="Ports">[0, 1]</P>
        <P Name="Position">[1060, 315, 1090, 345]</P>
        <P Name="ZOrder">77</P>
        <P Name="Amplitude">Amplitude</P>
        <P Name="Frequency">Freq</P>
        <P Name="SampleTime">0</P>
      </Block>
      <Block BlockType="Reference" Name="Solver&#xA;Configuration1" SID="48">
        <P Name="Ports">[0, 0, 0, 0, 0, 0, 1]</P>
        <P Name="Position">[1425, 294, 1470, 326]</P>
        <P Name="ZOrder">64</P>
        <P Name="LibraryVersion">1.1</P>
        <P Name="SourceBlock">nesl_utility/Solver
Configuration</P>
        <P Name="SourceType">Solver
Configuration</P>
        <InstanceData>
          <P Name="ContentPreviewEnabled">off</P>
          <P Name="PhysicalDomain">network_engine_domain</P>
          <P Name="SubClassName">solver</P>
          <P Name="LeftPortType">input</P>
          <P Name="RightPortType">generic</P>
          <P Name="Accelerate">off</P>
          <P Name="Tones">[]</P>
          <P Name="Harmonics">[]</P>
          <P Name="SimulateNoise">off</P>
          <P Name="Profile">off</P>
          <P Name="UseLocalSampling">off</P>
          <P Name="EnableSwitchedLinearOptims">on</P>
          <P Name="FrequencyDomain">off</P>
          <P Name="UseCCode">off</P>
          <P Name="RelTol">0.001</P>
          <P Name="AbsTol">1e-06</P>
          <P Name="MinStep">1e-09</P>
          <P Name="ToWorkspace">off</P>
          <P Name="RevertToSquareIcSolve">off</P>
          <P Name="NumHomotopyIterations">100</P>
          <P Name="PhasorMode">off</P>
          <P Name="PhasorModeNumHarmonics">1</P>
          <P Name="DoDC">off</P>
          <P Name="ResidualTolerance">1e-09</P>
          <P Name="UseLocalSolver">off</P>
          <P Name="LocalSolverChoice">NE_BACKWARD_EULER_ADVANCER</P>
          <P Name="LocalSolverSampleTime">0.001</P>
          <P Name="DoFixedCost">off</P>
          <P Name="MaxNonlinIter">3</P>
          <P Name="MaxModeIter">2</P>
          <P Name="LinearAlgebra">Sparse</P>
          <P Name="DelaysMemoryBudget">1024</P>
          <P Name="AutomaticFiltering">on</P>
          <P Name="FilteringTimeConstant">0.001</P>
        </InstanceData>
      </Block>
      <Block BlockType="Step" Name="Step" SID="73">
        <P Name="Position">[1110, 145, 1140, 175]</P>
        <P Name="ZOrder">76</P>
        <P Name="Time">0</P>
        <P Name="After">voltage</P>
        <P Name="SampleTime">0</P>
      </Block>
      <Block BlockType="ToWorkspace" Name="To Workspace1" SID="61">
        <P Name="Ports">[1]</P>
        <P Name="Position">[1920, 267, 2005, 303]</P>
        <P Name="ZOrder">71</P>
        <P Name="VariableName">MotorTorqueSc</P>
        <P Name="MaxDataPoints">inf</P>
        <P Name="SaveFormat">Structure With Time</P>
        <P Name="Save2DSignal">3-D array (concatenate along third dimension)</P>
        <P Name="FixptAsFi">on</P>
        <P Name="SampleTime">-1</P>
      </Block>
      <Block BlockType="ToWorkspace" Name="To Workspace2" SID="43">
        <P Name="Ports">[1]</P>
        <P Name="Position">[2360, 195, 2420, 225]</P>
        <P Name="ZOrder">59</P>
        <P Name="VariableName">ScapePos2</P>
        <P Name="MaxDataPoints">inf</P>
        <P Name="SaveFormat">Structure With Time</P>
        <P Name="Save2DSignal">3-D array (concatenate along third dimension)</P>
        <P Name="FixptAsFi">on</P>
        <P Name="SampleTime">-1</P>
      </Block>
      <Block BlockType="ToWorkspace" Name="To Workspace3" SID="44">
        <P Name="Ports">[1]</P>
        <P Name="Position">[2360, 145, 2420, 175]</P>
        <P Name="ZOrder">60</P>
        <P Name="VariableName">ScapeSpeed2</P>
        <P Name="MaxDataPoints">inf</P>
        <P Name="SaveFormat">Structure With Time</P>
        <P Name="Save2DSignal">3-D array (concatenate along third dimension)</P>
        <P Name="FixptAsFi">on</P>
        <P Name="SampleTime">-1</P>
      </Block>
      <Block BlockType="ToWorkspace" Name="To Workspace4" SID="65">
        <P Name="Ports">[1]</P>
        <P Name="Position">[2165, 270, 2235, 300]</P>
        <P Name="ZOrder">75</P>
        <P Name="VariableName">FrictionTorqueSc</P>
        <P Name="MaxDataPoints">inf</P>
        <P Name="SaveFormat">Structure With Time</P>
        <P Name="Save2DSignal">3-D array (concatenate along third dimension)</P>
        <P Name="FixptAsFi">on</P>
        <P Name="SampleTime">-1</P>
      </Block>
      <Line LineType="Connection">
        <P Name="ZOrder">77</P>
        <P Name="Src">31#rconn:1</P>
        <P Name="Points">[0, -7; -45, 0]</P>
        <Branch ConnectType="DEST_DEST">
          <P Name="Src">47#rconn:2</P>
          <P Name="Points">[0, 13; 30, 0]</P>
        </Branch>
        <Branch ConnectType="DEST_SRC">
          <P Name="Points">[0, 28]</P>
          <Branch ConnectType="DEST_DEST">
            <P Name="Src">48#rconn:1</P>
            <P Name="Points">[10, 0; 0, -39; 35, 0]</P>
          </Branch>
          <Branch ConnectType="DEST_SRC">
            <P Name="Dst">34#lconn:1</P>
          </Branch>
        </Branch>
      </Line>
      <Line LineType="Connection">
        <P Name="ZOrder">81</P>
        <P Name="Src">31#rconn:2</P>
        <P Name="Points">[115, 0; 0, 109]</P>
        <Branch ConnectType="DEST_SRC">
          <P Name="Dst">36#lconn:1</P>
        </Branch>
        <Branch ConnectType="DEST_DEST">
          <P Name="Src">40#rconn:1</P>
          <P Name="Points">[202, 0; 0, 279; -366, 0; 0, -50; -356, 0]</P>
        </Branch>
      </Line>
      <Line LineType="Connection">
        <P Name="ZOrder">86</P>
        <P Name="Src">40#lconn:1</P>
        <P Name="Points">[-55, 0]</P>
        <Branch ConnectType="DEST_DEST">
          <P Name="Src">39#lconn:1</P>
          <P Name="Points">[0, 10]</P>
        </Branch>
        <Branch ConnectType="DEST_SRC">
          <P Name="Points">[-70, 0]</P>
          <Branch ConnectType="DEST_DEST">
            <P Name="Src">63#rconn:1</P>
            <P Name="Points">[45, 0]</P>
          </Branch>
          <Branch ConnectType="DEST_SRC">
            <P Name="Dst">38#lconn:1</P>
          </Branch>
        </Branch>
      </Line>
      <Line LineType="Connection">
        <P Name="ZOrder">97</P>
        <P Name="Src">41#lconn:1</P>
        <P Name="Points">[-1, 0; 0, -15]</P>
        <P Name="Dst">40#rconn:2</P>
      </Line>
      <Line LineType="Connection">
        <P Name="ZOrder">98</P>
        <P Name="Src">42#lconn:1</P>
        <P Name="Points">[-7, 0; 0, -50]</P>
        <P Name="Dst">40#rconn:3</P>
      </Line>
      <Line>
        <P Name="ZOrder">93</P>
        <P Name="Src">41#out:1</P>
        <P Name="Dst">44#in:1</P>
      </Line>
      <Line>
        <P Name="ZOrder">94</P>
        <P Name="Src">42#out:1</P>
        <P Name="Dst">43#in:1</P>
      </Line>
      <Line LineType="Connection">
        <P Name="ZOrder">101</P>
        <P Name="Src">47#rconn:1</P>
        <P Name="Dst">46#rconn:1</P>
      </Line>
      <Line LineType="Connection">
        <P Name="ZOrder">102</P>
        <P Name="Src">47#lconn:1</P>
        <P Name="Points">[85, 0]</P>
        <P Name="Dst">31#lconn:1</P>
      </Line>
      <Line>
        <P Name="ZOrder">222</P>
        <P Name="Src">67#out:1</P>
        <P Name="Dst">46#in:1</P>
      </Line>
      <Line>
        <P Name="ZOrder">190</P>
        <P Name="Src">60#out:1</P>
        <P Name="Points">[16, 0]</P>
        <Branch>
          <P Name="ZOrder">257</P>
          <P Name="Points">[0, 61; 239, 0]</P>
          <P Name="Dst">74#in:1</P>
        </Branch>
        <Branch>
          <P Name="ZOrder">239</P>
          <P Name="Dst">61#in:1</P>
        </Branch>
      </Line>
      <Line>
        <P Name="ZOrder">210</P>
        <P Name="Src">64#out:1</P>
        <P Name="Points">[20, 0]</P>
        <Branch>
          <P Name="ZOrder">314</P>
          <P Name="Dst">74#in:2</P>
        </Branch>
        <Branch>
          <P Name="ZOrder">313</P>
          <P Name="Dst">65#in:1</P>
        </Branch>
      </Line>
      <Line>
        <P Name="ZOrder">213</P>
        <P Name="Src">73#out:1</P>
        <P Name="Dst">70#in:1</P>
      </Line>
      <Line>
        <P Name="ZOrder">216</P>
        <P Name="Src">69#out:1</P>
        <P Name="Points">[25, 0; 0, 15; 10, 0]</P>
        <Branch>
          <P Name="ZOrder">215</P>
          <P Name="Points">[0, 80]</P>
          <P Name="Dst">71#in:1</P>
        </Branch>
        <Branch>
          <P Name="ZOrder">214</P>
          <P Name="Dst">68#in:1</P>
        </Branch>
      </Line>
      <Line>
        <P Name="ZOrder">217</P>
        <P Name="Src">72#out:1</P>
        <P Name="Dst">71#in:2</P>
      </Line>
      <Line>
        <P Name="ZOrder">218</P>
        <P Name="Src">70#out:1</P>
        <P Name="Points">[15, 0; 0, 50]</P>
        <P Name="Dst">67#in:1</P>
      </Line>
      <Line>
        <P Name="ZOrder">219</P>
        <P Name="Src">71#out:1</P>
        <P Name="Points">[5, 0; 0, -90]</P>
        <P Name="Dst">67#in:2</P>
      </Line>
      <Line>
        <P Name="ZOrder">220</P>
        <P Name="Src">68#out:1</P>
        <P Name="Points">[5, 0]</P>
        <P Name="Dst">70#in:2</P>
      </Line>
      <Line LineType="Connection">
        <P Name="ZOrder">320</P>
        <P Name="Src">59#rconn:1</P>
        <P Name="Dst">52#lconn:1</P>
      </Line>
      <Line LineType="Connection">
        <P Name="FontName">Helvetica</P>
        <P Name="FontSize">9</P>
        <P Name="FontWeight">normal</P>
        <P Name="FontAngle">normal</P>
        <P Name="ZOrder">276</P>
        <P Name="Src">63#lconn:1</P>
        <P Name="Dst">52#rconn:1</P>
      </Line>
      <Line LineType="Connection">
        <P Name="FontName">Helvetica</P>
        <P Name="FontSize">9</P>
        <P Name="FontWeight">normal</P>
        <P Name="FontAngle">normal</P>
        <P Name="ZOrder">280</P>
        <P Name="Src">60#lconn:1</P>
        <P Name="Points">[-10, 0; 0, -110]</P>
        <P Name="Dst">59#rconn:2</P>
      </Line>
      <Line LineType="Connection">
        <P Name="ZOrder">281</P>
        <P Name="Src">64#lconn:1</P>
        <P Name="Points">[-53, 0; 0, -120]</P>
        <P Name="Dst">63#rconn:2</P>
      </Line>
      <Line LineType="Connection">
        <P Name="ZOrder">318</P>
        <P Name="Src">37#rconn:1</P>
        <P Name="Dst">59#lconn:1</P>
      </Line>
      <Line LineType="Connection">
        <P Name="FontName">Helvetica</P>
        <P Name="FontSize">9</P>
        <P Name="FontWeight">normal</P>
        <P Name="FontAngle">normal</P>
        <P Name="ZOrder">319</P>
        <P Name="Src">31#lconn:2</P>
        <P Name="Points">[0, -5]</P>
        <P Name="Dst">37#lconn:1</P>
      </Line>
    </System>
  </Model>
</ModelInformation>
