<?xml version="1.0" encoding="UTF-8" standalone="yes" ?><cp:coreProperties xmlns:cp="http://schemas.openxmlformats.org/package/2006/metadata/core-properties" xmlns:dc="http://purl.org/dc/elements/1.1/" xmlns:dcmitype="http://purl.org/dc/dcmitype/" xmlns:dcterms="http://purl.org/dc/terms/" xmlns:xsi="http://www.w3.org/2001/XMLSchema-instance"><cp:category>Model</cp:category><dcterms:created xsi:type="dcterms:W3CDTF">2017-01-20T08:17:47Z</dcterms:created><dc:creator>diegogm</dc:creator><cp:lastModifiedBy>sofianh</cp:lastModifiedBy><dcterms:modified xsi:type="dcterms:W3CDTF">2017-02-07T15:33:41Z</dcterms:modified><cp:revision>1.49</cp:revision><cp:version>R2014b</cp:version></cp:coreProperties>