<?xml version="1.0" encoding="utf-8"?>
<ModelInformation Version="1.0">
  <Model>
    <P Name="SavedCharacterEncoding">windows-1252</P>
    <Object PropName="HDLParams" ObjectID="1" ClassName="slprops.hdlmdlprops">
      <Array PropName="mdlProps" Type="Cell" Dimension="1*2">
	<Cell Class="char">HDLSubsystem</Cell>
	<Cell Class="char">Simscape_exercise3</Cell>
      </Array>
    </Object>
    <P Name="ScopeRefreshTime">0.035000</P>
    <P Name="OverrideScopeRefreshTime">on</P>
    <P Name="DisableAllScopes">off</P>
    <P Name="DataTypeOverride">UseLocalSettings</P>
    <P Name="DataTypeOverrideAppliesTo">AllNumericTypes</P>
    <P Name="MinMaxOverflowLogging">UseLocalSettings</P>
    <P Name="MinMaxOverflowArchiveMode">Overwrite</P>
    <P Name="FPTRunName">Run 1</P>
    <P Name="MaxMDLFileLineLength">120</P>
    <P Name="UserBdParams">PhysicalModelingChecksum;PhysicalModelingParameterChecksum;PhysicalModelingProducts</P>
    <Object PropName="BdWindowsInfo" ObjectID="2" ClassName="Simulink.BDWindowsInfo">
      <Object PropName="WindowsInfo" ObjectID="3" ClassName="Simulink.WindowInfo">
	<P Name="IsActive" Class="logical">1</P>
	<P Name="Location" Class="double">[155.0, 137.0, 1382.0, 783.0]</P>
	<Object PropName="ModelBrowserInfo" ObjectID="4" ClassName="Simulink.ModelBrowserInfo">
	  <P Name="Visible" Class="logical">0</P>
	  <P Name="DockPosition" Class="char">Left</P>
	  <P Name="Width" Class="int32">50</P>
	  <P Name="Height" Class="int32">50</P>
	  <P Name="Filter" Class="int32">9</P>
	</Object>
	<Object PropName="ExplorerBarInfo" ObjectID="5" ClassName="Simulink.ExplorerBarInfo">
	  <P Name="Visible" Class="logical">1</P>
	</Object>
	<Object PropName="EditorsInfo" ObjectID="6" ClassName="Simulink.EditorInfo">
	  <P Name="IsActive" Class="logical">1</P>
	  <P Name="ViewObjType" Class="char">SimulinkTopLevel</P>
	  <P Name="LoadSaveID" Class="char">0</P>
	  <P Name="Extents" Class="double">[1332.0, 609.0]</P>
	  <P Name="ZoomFactor" Class="double">1.0</P>
	  <P Name="Offset" Class="double">[1222.125, -106.67616686846719]</P>
	</Object>
      </Object>
    </Object>
    <UserParameters>
      <P Name="PhysicalModelingChecksum">1002863501</P>
      <P Name="PhysicalModelingParameterChecksum">1035596517</P>
      <P Name="PhysicalModelingProducts">SimElectronics|Simscape</P>
    </UserParameters>
    <ConfigManagerSettings>
      <P Name="UpdateHistory">UpdateHistoryNever</P>
      <P Name="ModifiedByFormat">%&lt;Auto&gt;</P>
      <P Name="ModifiedDateFormat">%&lt;Auto&gt;</P>
      <P Name="RTWModifiedTimeStamp">408385950</P>
      <P Name="ModelVersionFormat">1.%&lt;AutoIncrement:49&gt;</P>
    </ConfigManagerSettings>
    <EditorSettings>
      <P Name="SampleTimeColors">off</P>
      <P Name="SampleTimeAnnotations">off</P>
      <P Name="LibraryLinkDisplay">disabled</P>
      <P Name="WideLines">off</P>
      <P Name="ShowLineDimensions">off</P>
      <P Name="ShowPortDataTypes">off</P>
      <P Name="ShowDesignRanges">off</P>
      <P Name="ShowLoopsOnError">on</P>
      <P Name="IgnoreBidirectionalLines">off</P>
      <P Name="ShowStorageClass">off</P>
      <P Name="ShowTestPointIcons">on</P>
      <P Name="ShowSignalResolutionIcons">on</P>
      <P Name="ShowViewerIcons">on</P>
      <P Name="SortedOrder">off</P>
      <P Name="ExecutionContextIcon">off</P>
      <P Name="ShowLinearizationAnnotations">on</P>
      <P Name="ShowMarkup">on</P>
      <P Name="BlockNameDataTip">off</P>
      <P Name="BlockParametersDataTip">off</P>
      <P Name="BlockDescriptionStringDataTip">off</P>
      <P Name="ToolBar">on</P>
      <P Name="StatusBar">on</P>
      <P Name="BrowserShowLibraryLinks">off</P>
      <P Name="BrowserLookUnderMasks">off</P>
    </EditorSettings>
    <SimulationSettings>
      <P Name="SimulationMode">normal</P>
      <P Name="PauseTimes">5</P>
      <P Name="NumberOfSteps">1</P>
      <P Name="SnapshotBufferSize">10</P>
      <P Name="SnapshotInterval">10</P>
      <P Name="NumberOfLastSnapshots">0</P>
      <P Name="LinearizationMsg">none</P>
      <P Name="Profile">off</P>
      <P Name="ParamWorkspaceSource">MATLABWorkspace</P>
      <P Name="AccelSystemTargetFile">accel.tlc</P>
      <P Name="AccelTemplateMakefile">accel_default_tmf</P>
      <P Name="AccelMakeCommand">make_rtw</P>
      <P Name="TryForcingSFcnDF">off</P>
      <Object PropName="DataLoggingOverride" ObjectID="7" ClassName="Simulink.SimulationData.ModelLoggingInfo">
	<P Name="model_" Class="char">SimscapeModel</P>
	<P Name="overrideMode_" Class="uint32">0U</P>
	<Array PropName="logAsSpecifiedByModels_" Type="Cell" Dimension="1*1">
	  <Cell Class="char">SimscapeModel</Cell>
	</Array>
	<Array PropName="logAsSpecifiedByModelsSSIDs_" Type="Cell" Dimension="1*1">
	  <Cell Class="double">[]</Cell>
	</Array>
      </Object>
    </SimulationSettings>
    <Verification>
      <P Name="RecordCoverage">off</P>
      <P Name="CovPath">/</P>
      <P Name="CovSaveName">covdata</P>
      <P Name="CovMetricSettings">dw</P>
      <P Name="CovNameIncrementing">off</P>
      <P Name="CovHtmlReporting">on</P>
      <P Name="CovForceBlockReductionOff">on</P>
      <P Name="CovEnableCumulative">on</P>
      <P Name="covSaveCumulativeToWorkspaceVar">on</P>
      <P Name="CovSaveSingleToWorkspaceVar">on</P>
      <P Name="CovCumulativeVarName">covCumulativeData</P>
      <P Name="CovCumulativeReport">off</P>
      <P Name="CovReportOnPause">on</P>
      <P Name="CovModelRefEnable">Off</P>
      <P Name="CovExternalEMLEnable">off</P>
      <P Name="CovSFcnEnable">off</P>
      <P Name="CovBoundaryAbsTol">0.000010</P>
      <P Name="CovBoundaryRelTol">0.010000</P>
      <P Name="CovUseTimeInterval">off</P>
      <P Name="CovStartTime">0</P>
      <P Name="CovStopTime">0</P>
    </Verification>
    <ExternalMode>
      <P Name="ExtModeBatchMode">off</P>
      <P Name="ExtModeEnableFloating">on</P>
      <P Name="ExtModeTrigType">manual</P>
      <P Name="ExtModeTrigMode">normal</P>
      <P Name="ExtModeTrigPort">1</P>
      <P Name="ExtModeTrigElement">any</P>
      <P Name="ExtModeTrigDuration">1000</P>
      <P Name="ExtModeTrigDurationFloating">auto</P>
      <P Name="ExtModeTrigHoldOff">0</P>
      <P Name="ExtModeTrigDelay">0</P>
      <P Name="ExtModeTrigDirection">rising</P>
      <P Name="ExtModeTrigLevel">0</P>
      <P Name="ExtModeArchiveMode">off</P>
      <P Name="ExtModeAutoIncOneShot">off</P>
      <P Name="ExtModeIncDirWhenArm">off</P>
      <P Name="ExtModeAddSuffixToVar">off</P>
      <P Name="ExtModeWriteAllDataToWs">off</P>
      <P Name="ExtModeArmWhenConnect">on</P>
      <P Name="ExtModeSkipDownloadWhenConnect">off</P>
      <P Name="ExtModeLogAll">on</P>
      <P Name="ExtModeAutoUpdateStatusClock">on</P>
    </ExternalMode>
    <EngineSettings>
      <P Name="BufferReuse">on</P>
    </EngineSettings>
    <ModelReferenceSettings>
      <P Name="ShowModelReferenceBlockVersion">off</P>
      <P Name="ShowModelReferenceBlockIO">off</P>
    </ModelReferenceSettings>
    <ConfigurationSet>
      <Array PropName="ConfigurationSets" Type="Handle" Dimension="1*2">
	<Object ObjectID="8" Version="1.14.3" ClassName="Simulink.ConfigSet">
	  <Array PropName="Components" Type="Handle" Dimension="1*9">
	    <Object ObjectID="9" Version="1.14.3" ClassName="Simulink.SolverCC">
	      <P Name="StartTime">0.0</P>
	      <P Name="StopTime">2</P>
	      <P Name="AbsTol">auto</P>
	      <P Name="FixedStep">auto</P>
	      <P Name="InitialStep">auto</P>
	      <P Name="MaxNumMinSteps">-1</P>
	      <P Name="MaxOrder">5</P>
	      <P Name="ZcThreshold">auto</P>
	      <P Name="ConsecutiveZCsStepRelTol">10*128*eps</P>
	      <P Name="MaxConsecutiveZCs">1000</P>
	      <P Name="ExtrapolationOrder">4</P>
	      <P Name="NumberNewtonIterations">1</P>
	      <P Name="MaxStep">auto</P>
	      <P Name="MinStep">auto</P>
	      <P Name="MaxConsecutiveMinStep">1</P>
	      <P Name="RelTol">1e-3</P>
	      <P Name="SolverMode">SingleTasking</P>
	      <P Name="EnableConcurrentExecution">off</P>
	      <P Name="ConcurrentTasks">off</P>
	      <P Name="Solver">ode23t</P>
	      <P Name="SolverName">ode23t</P>
	      <P Name="SolverJacobianMethodControl">auto</P>
	      <P Name="ShapePreserveControl">DisableAll</P>
	      <P Name="ZeroCrossControl">UseLocalSettings</P>
	      <P Name="ZeroCrossAlgorithm">Nonadaptive</P>
	      <P Name="AlgebraicLoopSolver">TrustRegion</P>
	      <P Name="SolverResetMethod">Fast</P>
	      <P Name="PositivePriorityOrder">off</P>
	      <P Name="AutoInsertRateTranBlk">off</P>
	      <P Name="SampleTimeConstraint">Unconstrained</P>
	      <P Name="InsertRTBMode">Whenever possible</P>
	    </Object>
	    <Object ObjectID="10" Version="1.14.3" ClassName="Simulink.DataIOCC">
	      <P Name="Decimation">1</P>
	      <P Name="ExternalInput">[t, u]</P>
	      <P Name="FinalStateName">xFinal</P>
	      <P Name="InitialState">xInitial</P>
	      <P Name="LimitDataPoints">on</P>
	      <P Name="MaxDataPoints">1000</P>
	      <P Name="LoadExternalInput">off</P>
	      <P Name="LoadInitialState">off</P>
	      <P Name="SaveFinalState">off</P>
	      <P Name="SaveCompleteFinalSimState">off</P>
	      <P Name="SaveFormat">Array</P>
	      <P Name="SignalLoggingSaveFormat">Dataset</P>
	      <P Name="SaveOutput">on</P>
	      <P Name="SaveState">off</P>
	      <P Name="SignalLogging">on</P>
	      <P Name="DSMLogging">on</P>
	      <P Name="InspectSignalLogs">off</P>
	      <P Name="VisualizeSimOutput">on</P>
	      <P Name="SaveTime">on</P>
	      <P Name="ReturnWorkspaceOutputs">off</P>
	      <P Name="StateSaveName">xout</P>
	      <P Name="TimeSaveName">tout</P>
	      <P Name="OutputSaveName">yout</P>
	      <P Name="SignalLoggingName">logsout</P>
	      <P Name="DSMLoggingName">dsmout</P>
	      <P Name="OutputOption">RefineOutputTimes</P>
	      <P Name="OutputTimes">[]</P>
	      <P Name="ReturnWorkspaceOutputsName">out</P>
	      <P Name="Refine">1</P>
	    </Object>
	    <Object ObjectID="11" Version="1.14.3" ClassName="Simulink.OptimizationCC">
	      <Array PropName="DisabledProps" Type="Cell" Dimension="1*8">
		<Cell Class="char">BooleansAsBitfields</Cell>
		<Cell Class="char">PassReuseOutputArgsAs</Cell>
		<Cell Class="char">PassReuseOutputArgsThreshold</Cell>
		<Cell Class="char">ZeroExternalMemoryAtStartup</Cell>
		<Cell Class="char">ZeroInternalMemoryAtStartup</Cell>
		<Cell Class="char">OptimizeModelRefInitCode</Cell>
		<Cell Class="char">NoFixptDivByZeroProtection</Cell>
		<Cell Class="char">UseSpecifiedMinMax</Cell>
	      </Array>
	      <P Name="BlockReduction">off</P>
	      <P Name="BooleanDataType">off</P>
	      <P Name="ConditionallyExecuteInputs">on</P>
	      <P Name="InlineParams">off</P>
	      <P Name="UseDivisionForNetSlopeComputation">Off</P>
	      <P Name="UseFloatMulNetSlope">off</P>
	      <P Name="DefaultUnderspecifiedDataType">double</P>
	      <P Name="UseSpecifiedMinMax">off</P>
	      <P Name="InlineInvariantSignals">off</P>
	      <P Name="OptimizeBlockIOStorage">on</P>
	      <P Name="BufferReuse">on</P>
	      <P Name="EnhancedBackFolding">off</P>
	      <P Name="CachingGlobalReferences">off</P>
	      <P Name="GlobalBufferReuse">on</P>
	      <P Name="StrengthReduction">off</P>
	      <P Name="ExpressionFolding">on</P>
	      <P Name="BooleansAsBitfields">off</P>
	      <P Name="BitfieldContainerType">uint_T</P>
	      <P Name="EnableMemcpy">on</P>
	      <P Name="MemcpyThreshold">64</P>
	      <P Name="PassReuseOutputArgsAs">Structure reference</P>
	      <P Name="ExpressionDepthLimit">128</P>
	      <P Name="FoldNonRolledExpr">on</P>
	      <P Name="LocalBlockOutputs">on</P>
	      <P Name="RollThreshold">5</P>
	      <P Name="SystemCodeInlineAuto">off</P>
	      <P Name="StateBitsets">off</P>
	      <P Name="DataBitsets">off</P>
	      <P Name="ActiveStateOutputEnumStorageType">Native Integer</P>
	      <P Name="UseTempVars">off</P>
	      <P Name="ZeroExternalMemoryAtStartup">on</P>
	      <P Name="ZeroInternalMemoryAtStartup">on</P>
	      <P Name="InitFltsAndDblsToZero">off</P>
	      <P Name="NoFixptDivByZeroProtection">off</P>
	      <P Name="EfficientFloat2IntCast">off</P>
	      <P Name="EfficientMapNaN2IntZero">on</P>
	      <P Name="OptimizeModelRefInitCode">off</P>
	      <P Name="LifeSpan">inf</P>
	      <P Name="MaxStackSize">Inherit from target</P>
	      <P Name="BufferReusableBoundary">on</P>
	      <P Name="SimCompilerOptimization">Off</P>
	      <P Name="AccelVerboseBuild">off</P>
	      <P Name="ParallelExecutionInRapidAccelerator">on</P>
	    </Object>
	    <Object ObjectID="12" Version="1.14.3" ClassName="Simulink.DebuggingCC">
	      <P Name="RTPrefix">error</P>
	      <P Name="ConsistencyChecking">none</P>
	      <P Name="ArrayBoundsChecking">none</P>
	      <P Name="SignalInfNanChecking">none</P>
	      <P Name="SignalRangeChecking">none</P>
	      <P Name="ReadBeforeWriteMsg">UseLocalSettings</P>
	      <P Name="WriteAfterWriteMsg">UseLocalSettings</P>
	      <P Name="WriteAfterReadMsg">UseLocalSettings</P>
	      <P Name="AlgebraicLoopMsg">warning</P>
	      <P Name="ArtificialAlgebraicLoopMsg">warning</P>
	      <P Name="SaveWithDisabledLinksMsg">warning</P>
	      <P Name="SaveWithParameterizedLinksMsg">none</P>
	      <P Name="CheckSSInitialOutputMsg">on</P>
	      <P Name="UnderspecifiedInitializationDetection">Classic</P>
	      <P Name="MergeDetectMultiDrivingBlocksExec">none</P>
	      <P Name="CheckExecutionContextPreStartOutputMsg">off</P>
	      <P Name="CheckExecutionContextRuntimeOutputMsg">off</P>
	      <P Name="SignalResolutionControl">TryResolveAllWithWarning</P>
	      <P Name="BlockPriorityViolationMsg">warning</P>
	      <P Name="MinStepSizeMsg">warning</P>
	      <P Name="TimeAdjustmentMsg">none</P>
	      <P Name="MaxConsecutiveZCsMsg">error</P>
	      <P Name="MaskedZcDiagnostic">warning</P>
	      <P Name="IgnoredZcDiagnostic">warning</P>
	      <P Name="SolverPrmCheckMsg">none</P>
	      <P Name="InheritedTsInSrcMsg">warning</P>
	      <P Name="DiscreteInheritContinuousMsg">warning</P>
	      <P Name="MultiTaskDSMMsg">error</P>
	      <P Name="MultiTaskCondExecSysMsg">error</P>
	      <P Name="MultiTaskRateTransMsg">error</P>
	      <P Name="SingleTaskRateTransMsg">none</P>
	      <P Name="TasksWithSamePriorityMsg">warning</P>
	      <P Name="SigSpecEnsureSampleTimeMsg">warning</P>
	      <P Name="CheckMatrixSingularityMsg">none</P>
	      <P Name="IntegerOverflowMsg">warning</P>
	      <P Name="Int32ToFloatConvMsg">warning</P>
	      <P Name="ParameterDowncastMsg">error</P>
	      <P Name="ParameterOverflowMsg">error</P>
	      <P Name="ParameterUnderflowMsg">none</P>
	      <P Name="ParameterPrecisionLossMsg">warning</P>
	      <P Name="ParameterTunabilityLossMsg">warning</P>
	      <P Name="FixptConstUnderflowMsg">none</P>
	      <P Name="FixptConstOverflowMsg">none</P>
	      <P Name="FixptConstPrecisionLossMsg">none</P>
	      <P Name="UnderSpecifiedDataTypeMsg">none</P>
	      <P Name="UnnecessaryDatatypeConvMsg">none</P>
	      <P Name="VectorMatrixConversionMsg">none</P>
	      <P Name="InvalidFcnCallConnMsg">error</P>
	      <P Name="FcnCallInpInsideContextMsg">EnableAllAsError</P>
	      <P Name="SignalLabelMismatchMsg">none</P>
	      <P Name="UnconnectedInputMsg">warning</P>
	      <P Name="UnconnectedOutputMsg">warning</P>
	      <P Name="UnconnectedLineMsg">warning</P>
	      <P Name="SFcnCompatibilityMsg">none</P>
	      <P Name="FrameProcessingCompatibilityMsg">warning</P>
	      <P Name="UniqueDataStoreMsg">none</P>
	      <P Name="BusObjectLabelMismatch">warning</P>
	      <P Name="RootOutportRequireBusObject">warning</P>
	      <P Name="AssertControl">UseLocalSettings</P>
	      <P Name="EnableOverflowDetection">off</P>
	      <P Name="ModelReferenceIOMsg">none</P>
	      <P Name="ModelReferenceMultiInstanceNormalModeStructChecksumCheck">error</P>
	      <P Name="ModelReferenceVersionMismatchMessage">none</P>
	      <P Name="ModelReferenceIOMismatchMessage">none</P>
	      <P Name="ModelReferenceCSMismatchMessage">none</P>
	      <P Name="UnknownTsInhSupMsg">warning</P>
	      <P Name="ModelReferenceDataLoggingMessage">warning</P>
	      <P Name="ModelReferenceSymbolNameMessage">warning</P>
	      <P Name="ModelReferenceExtraNoncontSigs">error</P>
	      <P Name="StateNameClashWarn">none</P>
	      <P Name="SimStateInterfaceChecksumMismatchMsg">warning</P>
	      <P Name="SimStateOlderReleaseMsg">error</P>
	      <P Name="InitInArrayFormatMsg">warning</P>
	      <P Name="StrictBusMsg">ErrorLevel1</P>
	      <P Name="BusNameAdapt">WarnAndRepair</P>
	      <P Name="NonBusSignalsTreatedAsBus">none</P>
	      <P Name="LoggingUnavailableSignals">error</P>
	      <P Name="BlockIODiagnostic">none</P>
	      <P Name="SFUnusedDataAndEventsDiag">warning</P>
	      <P Name="SFUnexpectedBacktrackingDiag">warning</P>
	      <P Name="SFInvalidInputDataAccessInChartInitDiag">warning</P>
	      <P Name="SFNoUnconditionalDefaultTransitionDiag">warning</P>
	      <P Name="SFTransitionOutsideNaturalParentDiag">warning</P>
	      <P Name="SFUnconditionalTransitionShadowingDiag">warning</P>
	      <P Name="SFUndirectedBroadcastEventsDiag">warning</P>
	      <P Name="SFTransitionActionBeforeConditionDiag">warning</P>
	      <P Name="IntegerSaturationMsg">warning</P>
	    </Object>
	    <Object ObjectID="13" Version="1.14.3" ClassName="Simulink.HardwareCC">
	      <P Name="ProdBitPerChar">8</P>
	      <P Name="ProdBitPerShort">16</P>
	      <P Name="ProdBitPerInt">32</P>
	      <P Name="ProdBitPerLong">32</P>
	      <P Name="ProdBitPerLongLong">64</P>
	      <P Name="ProdBitPerFloat">32</P>
	      <P Name="ProdBitPerDouble">64</P>
	      <P Name="ProdBitPerPointer">32</P>
	      <P Name="ProdLargestAtomicInteger">Char</P>
	      <P Name="ProdLargestAtomicFloat">None</P>
	      <P Name="ProdIntDivRoundTo">Undefined</P>
	      <P Name="ProdEndianess">Unspecified</P>
	      <P Name="ProdWordSize">32</P>
	      <P Name="ProdShiftRightIntArith">on</P>
	      <P Name="ProdLongLongMode">off</P>
	      <P Name="ProdHWDeviceType">32-bit Generic</P>
	      <P Name="TargetBitPerChar">8</P>
	      <P Name="TargetBitPerShort">16</P>
	      <P Name="TargetBitPerInt">32</P>
	      <P Name="TargetBitPerLong">32</P>
	      <P Name="TargetBitPerLongLong">64</P>
	      <P Name="TargetBitPerFloat">32</P>
	      <P Name="TargetBitPerDouble">64</P>
	      <P Name="TargetBitPerPointer">32</P>
	      <P Name="TargetLargestAtomicInteger">Char</P>
	      <P Name="TargetLargestAtomicFloat">None</P>
	      <P Name="TargetShiftRightIntArith">on</P>
	      <P Name="TargetLongLongMode">off</P>
	      <P Name="TargetIntDivRoundTo">Undefined</P>
	      <P Name="TargetEndianess">Unspecified</P>
	      <P Name="TargetWordSize">32</P>
	      <P Name="TargetTypeEmulationWarnSuppressLevel">0</P>
	      <P Name="TargetPreprocMaxBitsSint">32</P>
	      <P Name="TargetPreprocMaxBitsUint">32</P>
	      <P Name="TargetHWDeviceType">Specified</P>
	      <P Name="TargetUnknown">on</P>
	      <P Name="ProdEqTarget">on</P>
	    </Object>
	    <Object ObjectID="14" Version="1.14.3" ClassName="Simulink.ModelReferenceCC">
	      <P Name="UpdateModelReferenceTargets">IfOutOfDateOrStructuralChange</P>
	      <P Name="CheckModelReferenceTargetMessage">error</P>
	      <P Name="EnableParallelModelReferenceBuilds">off</P>
	      <P Name="ParallelModelReferenceErrorOnInvalidPool">on</P>
	      <P Name="ParallelModelReferenceMATLABWorkerInit">None</P>
	      <P Name="ModelReferenceNumInstancesAllowed">Multi</P>
	      <P Name="PropagateVarSize">Infer from blocks in model</P>
	      <P Name="ModelReferencePassRootInputsByReference">on</P>
	      <P Name="ModelReferenceMinAlgLoopOccurrences">off</P>
	      <P Name="PropagateSignalLabelsOutOfModel">off</P>
	      <P Name="SupportModelReferenceSimTargetCustomCode">off</P>
	    </Object>
	    <Object ObjectID="15" Version="1.14.3" ClassName="Simulink.SFSimCC">
	      <P Name="SFSimEnableDebug">on</P>
	      <P Name="SFSimOverflowDetection">on</P>
	      <P Name="SFSimEcho">on</P>
	      <P Name="SimBlas">on</P>
	      <P Name="SimCtrlC">on</P>
	      <P Name="SimExtrinsic">on</P>
	      <P Name="SimIntegrity">on</P>
	      <P Name="SimUseLocalCustomCode">off</P>
	      <P Name="SimParseCustomCode">on</P>
	      <P Name="SimBuildMode">sf_incremental_build</P>
	      <P Name="SimGenImportedTypeDefs">off</P>
	    </Object>
	    <Object BackupClass="Simulink.RTWCC" ObjectID="16" Version="1.14.3" ClassName="Simulink.RTWCC">
	      <Array PropName="DisabledProps" Type="Cell" Dimension="1*15">
		<Cell Class="char">IncludeHyperlinkInReport</Cell>
		<Cell Class="char">GenerateTraceInfo</Cell>
		<Cell Class="char">GenerateTraceReport</Cell>
		<Cell Class="char">GenerateTraceReportSl</Cell>
		<Cell Class="char">GenerateTraceReportSf</Cell>
		<Cell Class="char">GenerateTraceReportEml</Cell>
		<Cell Class="char">PortableWordSizes</Cell>
		<Cell Class="char">GenerateWebview</Cell>
		<Cell Class="char">GenerateCodeMetricsReport</Cell>
		<Cell Class="char">GenerateCodeReplacementReport</Cell>
		<Cell Class="char">GenerateErtSFunction</Cell>
		<Cell Class="char">CreateSILPILBlock</Cell>
		<Cell Class="char">CodeExecutionProfiling</Cell>
		<Cell Class="char">CodeProfilingSaveOptions</Cell>
		<Cell Class="char">CodeProfilingInstrumentation</Cell>
	      </Array>
	      <P Name="SystemTargetFile">grt.tlc</P>
	      <P Name="TLCOptions"></P>
	      <P Name="GenCodeOnly">off</P>
	      <P Name="MakeCommand">make_rtw</P>
	      <P Name="GenerateMakefile">on</P>
	      <P Name="PackageGeneratedCodeAndArtifacts">off</P>
	      <P Name="PackageName"></P>
	      <P Name="TemplateMakefile">grt_default_tmf</P>
	      <P Name="PostCodeGenCommand"></P>
	      <P Name="Description"></P>
	      <P Name="GenerateReport">off</P>
	      <P Name="SaveLog">off</P>
	      <P Name="RTWVerbose">on</P>
	      <P Name="RetainRTWFile">off</P>
	      <P Name="ProfileTLC">off</P>
	      <P Name="TLCDebug">off</P>
	      <P Name="TLCCoverage">off</P>
	      <P Name="TLCAssert">off</P>
	      <P Name="ProcessScriptMode">Default</P>
	      <P Name="ConfigurationMode">Optimized</P>
	      <P Name="ProcessScript"></P>
	      <P Name="ConfigurationScript"></P>
	      <P Name="ConfigAtBuild">off</P>
	      <P Name="RTWUseLocalCustomCode">off</P>
	      <P Name="RTWUseSimCustomCode">off</P>
	      <P Name="CustomSourceCode"></P>
	      <P Name="CustomHeaderCode"></P>
	      <P Name="CustomInclude"></P>
	      <P Name="CustomSource"></P>
	      <P Name="CustomLibrary"></P>
	      <P Name="CustomInitializer"></P>
	      <P Name="CustomTerminator"></P>
	      <P Name="Toolchain">Automatically locate an installed toolchain</P>
	      <P Name="BuildConfiguration">Faster Builds</P>
	      <P Name="IncludeHyperlinkInReport">off</P>
	      <P Name="LaunchReport">off</P>
	      <P Name="PortableWordSizes">off</P>
	      <P Name="CreateSILPILBlock">None</P>
	      <P Name="CodeExecutionProfiling">off</P>
	      <P Name="CodeExecutionProfileVariable">executionProfile</P>
	      <P Name="CodeProfilingSaveOptions">SummaryOnly</P>
	      <P Name="CodeProfilingInstrumentation">off</P>
	      <P Name="SILDebugging">off</P>
	      <P Name="TargetLang">C</P>
	      <P Name="IncludeBusHierarchyInRTWFileBlockHierarchyMap">off</P>
	      <P Name="IncludeERTFirstTime">off</P>
	      <P Name="GenerateTraceInfo">off</P>
	      <P Name="GenerateTraceReport">off</P>
	      <P Name="GenerateTraceReportSl">off</P>
	      <P Name="GenerateTraceReportSf">off</P>
	      <P Name="GenerateTraceReportEml">off</P>
	      <P Name="GenerateCodeInfo">off</P>
	      <P Name="GenerateWebview">off</P>
	      <P Name="GenerateCodeMetricsReport">off</P>
	      <P Name="GenerateCodeReplacementReport">off</P>
	      <P Name="RTWCompilerOptimization">Off</P>
	      <P Name="RTWCustomCompilerOptimizations"></P>
	      <P Name="CheckMdlBeforeBuild">Off</P>
	      <P Name="CustomRebuildMode">OnUpdate</P>
	      <P Name="DataInitializer"></P>
	      <P Name="SharedConstantsCachingThreshold">1024</P>
	      <Array PropName="Components" Type="Handle" Dimension="1*2">
		<Object ObjectID="17" Version="1.14.3" ClassName="Simulink.CodeAppCC">
		  <Array PropName="DisabledProps" Type="Cell" Dimension="1*24">
		    <Cell Class="char">IgnoreCustomStorageClasses</Cell>
		    <Cell Class="char">ParameterTuningSideEffectCode</Cell>
		    <Cell Class="char">IgnoreTestpoints</Cell>
		    <Cell Class="char">InsertBlockDesc</Cell>
		    <Cell Class="char">InsertPolySpaceComments</Cell>
		    <Cell Class="char">SFDataObjDesc</Cell>
		    <Cell Class="char">MATLABFcnDesc</Cell>
		    <Cell Class="char">SimulinkDataObjDesc</Cell>
		    <Cell Class="char">DefineNamingRule</Cell>
		    <Cell Class="char">SignalNamingRule</Cell>
		    <Cell Class="char">ParamNamingRule</Cell>
		    <Cell Class="char">InternalIdentifier</Cell>
		    <Cell Class="char">InlinedPrmAccess</Cell>
		    <Cell Class="char">CustomSymbolStr</Cell>
		    <Cell Class="char">CustomSymbolStrGlobalVar</Cell>
		    <Cell Class="char">CustomSymbolStrType</Cell>
		    <Cell Class="char">CustomSymbolStrField</Cell>
		    <Cell Class="char">CustomSymbolStrFcn</Cell>
		    <Cell Class="char">CustomSymbolStrFcnArg</Cell>
		    <Cell Class="char">CustomSymbolStrBlkIO</Cell>
		    <Cell Class="char">CustomSymbolStrTmpVar</Cell>
		    <Cell Class="char">CustomSymbolStrMacro</Cell>
		    <Cell Class="char">CustomSymbolStrUtil</Cell>
		    <Cell Class="char">ReqsInCode</Cell>
		  </Array>
		  <P Name="ForceParamTrailComments">off</P>
		  <P Name="GenerateComments">on</P>
		  <P Name="CommentStyle">Auto</P>
		  <P Name="IgnoreCustomStorageClasses">on</P>
		  <P Name="IgnoreTestpoints">off</P>
		  <P Name="IncHierarchyInIds">off</P>
		  <P Name="MaxIdLength">31</P>
		  <P Name="PreserveName">off</P>
		  <P Name="PreserveNameWithParent">off</P>
		  <P Name="ShowEliminatedStatement">off</P>
		  <P Name="OperatorAnnotations">off</P>
		  <P Name="IncAutoGenComments">off</P>
		  <P Name="SimulinkDataObjDesc">off</P>
		  <P Name="SFDataObjDesc">off</P>
		  <P Name="MATLABFcnDesc">off</P>
		  <P Name="IncDataTypeInIds">off</P>
		  <P Name="MangleLength">1</P>
		  <P Name="CustomSymbolStrGlobalVar">$R$N$M</P>
		  <P Name="CustomSymbolStrType">$N$R$M_T</P>
		  <P Name="CustomSymbolStrField">$N$M</P>
		  <P Name="CustomSymbolStrFcn">$R$N$M$F</P>
		  <P Name="CustomSymbolStrFcnArg">rt$I$N$M</P>
		  <P Name="CustomSymbolStrBlkIO">rtb_$N$M</P>
		  <P Name="CustomSymbolStrTmpVar">$N$M</P>
		  <P Name="CustomSymbolStrMacro">$R$N$M</P>
		  <P Name="CustomSymbolStrUtil">$N$C</P>
		  <P Name="DefineNamingRule">None</P>
		  <P Name="ParamNamingRule">None</P>
		  <P Name="SignalNamingRule">None</P>
		  <P Name="InsertBlockDesc">off</P>
		  <P Name="InsertPolySpaceComments">off</P>
		  <P Name="SimulinkBlockComments">on</P>
		  <P Name="MATLABSourceComments">off</P>
		  <P Name="EnableCustomComments">off</P>
		  <P Name="InternalIdentifier">Shortened</P>
		  <P Name="InlinedPrmAccess">Literals</P>
		  <P Name="ReqsInCode">off</P>
		  <P Name="UseSimReservedNames">off</P>
		</Object>
		<Object BackupClass="Simulink.TargetCC" ObjectID="18" Version="1.14.3" ClassName="Simulink.GRTTargetCC">
		  <Array PropName="DisabledProps" Type="Cell" Dimension="1*13">
		    <Cell Class="char">GeneratePreprocessorConditionals</Cell>
		    <Cell Class="char">IncludeMdlTerminateFcn</Cell>
		    <Cell Class="char">SuppressErrorStatus</Cell>
		    <Cell Class="char">ERTCustomFileBanners</Cell>
		    <Cell Class="char">GenerateSampleERTMain</Cell>
		    <Cell Class="char">GenerateTestInterfaces</Cell>
		    <Cell Class="char">ModelStepFunctionPrototypeControlCompliant</Cell>
		    <Cell Class="char">GenerateAllocFcn</Cell>
		    <Cell Class="char">PurelyIntegerCode</Cell>
		    <Cell Class="char">SupportComplex</Cell>
		    <Cell Class="char">SupportAbsoluteTime</Cell>
		    <Cell Class="char">SupportContinuousTime</Cell>
		    <Cell Class="char">SupportNonInlinedSFcns</Cell>
		  </Array>
		  <P Name="TargetFcnLib">ansi_tfl_table_tmw.mat</P>
		  <P Name="TargetLibSuffix"></P>
		  <P Name="TargetPreCompLibLocation"></P>
		  <P Name="GenFloatMathFcnCalls">NOT IN USE</P>
		  <P Name="TargetLangStandard">C89/C90 (ANSI)</P>
		  <P Name="CodeReplacementLibrary">None</P>
		  <P Name="UtilityFuncGeneration">Auto</P>
		  <P Name="ERTMultiwordTypeDef">System defined</P>
		  <P Name="ERTMultiwordLength">256</P>
		  <P Name="MultiwordLength">2048</P>
		  <P Name="GenerateFullHeader">on</P>
		  <P Name="GenerateSampleERTMain">off</P>
		  <P Name="GenerateTestInterfaces">off</P>
		  <P Name="ModelReferenceCompliant">on</P>
		  <P Name="ParMdlRefBuildCompliant">on</P>
		  <P Name="CompOptLevelCompliant">on</P>
		  <P Name="ConcurrentExecutionCompliant">on</P>
		  <P Name="IncludeMdlTerminateFcn">on</P>
		  <P Name="GeneratePreprocessorConditionals">Disable all</P>
		  <P Name="CombineOutputUpdateFcns">on</P>
		  <P Name="CombineSignalStateStructs">off</P>
		  <P Name="SuppressErrorStatus">off</P>
		  <P Name="ERTFirstTimeCompliant">off</P>
		  <P Name="IncludeFileDelimiter">Auto</P>
		  <P Name="ERTCustomFileBanners">off</P>
		  <P Name="SupportAbsoluteTime">on</P>
		  <P Name="LogVarNameModifier">rt_</P>
		  <P Name="MatFileLogging">on</P>
		  <P Name="MultiInstanceERTCode">off</P>
		  <P Name="CodeInterfacePackaging">Nonreusable function</P>
		  <P Name="SupportNonFinite">on</P>
		  <P Name="SupportComplex">on</P>
		  <P Name="PurelyIntegerCode">off</P>
		  <P Name="SupportContinuousTime">on</P>
		  <P Name="SupportNonInlinedSFcns">on</P>
		  <P Name="SupportVariableSizeSignals">off</P>
		  <P Name="EnableShiftOperators">on</P>
		  <P Name="ParenthesesLevel">Nominal</P>
		  <P Name="CastingMode">Nominal</P>
		  <P Name="MATLABClassNameForMDSCustomization">Simulink.SoftwareTarget.GRTCustomization</P>
		  <P Name="ModelStepFunctionPrototypeControlCompliant">off</P>
		  <P Name="CPPClassGenCompliant">on</P>
		  <P Name="AutosarCompliant">off</P>
		  <P Name="GRTInterface">off</P>
		  <P Name="GenerateAllocFcn">off</P>
		  <P Name="GenerateSharedConstants">on</P>
		  <P Name="UseMalloc">off</P>
		  <P Name="ExtMode">off</P>
		  <P Name="ExtModeStaticAlloc">off</P>
		  <P Name="ExtModeTesting">off</P>
		  <P Name="ExtModeStaticAllocSize">1000000</P>
		  <P Name="ExtModeTransport">0</P>
		  <P Name="ExtModeMexFile">ext_comm</P>
		  <P Name="ExtModeIntrfLevel">Level1</P>
		  <P Name="RTWCAPISignals">off</P>
		  <P Name="RTWCAPIParams">off</P>
		  <P Name="RTWCAPIStates">off</P>
		  <P Name="RTWCAPIRootIO">off</P>
		  <P Name="GenerateASAP2">off</P>
		  <P Name="MultiInstanceErrorCode">Error</P>
		</Object>
	      </Array>
	    </Object>
	    <Object ObjectID="19" Version="1.0" ClassName="SSC.SimscapeCC">
	      <Array PropName="DisabledProps" Type="Cell" Dimension="1*1">
		<Cell Class="char">Name</Cell>
	      </Array>
	      <Array PropName="Components" Type="Handle" Dimension="1*2">
		<Object ObjectID="20" Version="1.14.3" ClassName="MECH.SimMechanicsCC">
		  <P Name="Name">SimMechanics</P>
		  <P Name="WarnOnRedundantConstraints">on</P>
		  <P Name="WarnOnSingularInitialAssembly">off</P>
		  <P Name="ShowCutJoints">off</P>
		  <P Name="VisOnUpdateDiagram">off</P>
		  <P Name="VisDuringSimulation">off</P>
		  <P Name="EnableVisSimulationTime">on</P>
		  <P Name="VisSampleTime">0</P>
		  <P Name="DisableBodyVisControl">off</P>
		  <P Name="ShowCG">on</P>
		  <P Name="ShowCS">on</P>
		  <P Name="ShowOnlyPortCS">off</P>
		  <P Name="HighlightModel">on</P>
		  <P Name="FramesToBeSkipped">0</P>
		  <P Name="AnimationDelay">3</P>
		  <P Name="RecordAVI">off</P>
		  <P Name="CompressAVI">on</P>
		  <P Name="AutoFitVis">off</P>
		  <P Name="EnableSelection">on</P>
		  <P Name="LastVizWinPosition">[-1 -1 -1 -1]</P>
		  <P Name="CamPosition">[0 0 0]</P>
		  <P Name="CamTarget">[0 0 -1]</P>
		  <P Name="CamUpVector">[0 1 0]</P>
		  <P Name="CamHeight">-1</P>
		  <P Name="CamViewAngle">0</P>
		  <P Name="VisBackgroundColor">[0.9 0.9 0.95]</P>
		  <P Name="DefaultBodyColor">[1 0 0]</P>
		  <P Name="MDLBodyVisualizationType">Convex hull from body CS locations</P>
		  <P Name="OVRRIDBodyVisualizationType">NONE</P>
		</Object>
		<Object ObjectID="21" Version="1.14.3" ClassName="simmechanics.ConfigurationSet">
		  <P Name="Description">SimMechanics 2G</P>
		  <Array PropName="Components" Type="Handle" Dimension="1*2">
		    <Object ObjectID="22" Version="1.14.3" ClassName="simmechanics.DiagnosticsConfigSet">
		    <P Name="Description">Diagnostics</P>
		    <P Name="Name">DiagnosticsConfigSet</P>
		    <P Name="SimMechanicsInvalidVisualProperty">warning</P>
		    <P Name="SimMechanicsCrossSectionNullEdge">warning</P>
		    <P Name="SimMechanicsUnconnectedFramePorts">warning</P>
		    <P Name="SimMechanicsRedundantBlock">warning</P>
		    <P Name="SimMechanicsConflictingReferenceFrames">warning</P>
		    <P Name="SimMechanicsRigidlyBoundBlock">error</P>
		    <P Name="SimMechanicsUnsatisfiedHighPriorityTargets">warning</P>
		    <P Name="SimMechanicsJointTargetOverSpecification">error</P>
		    </Object>
		    <Object ObjectID="23" Version="1.14.3" ClassName="simmechanics.ExplorerConfigSet">
		    <P Name="Description">Explorer</P>
		    <P Name="Name">ExplorerConfigSet</P>
		    <P Name="SimMechanicsOpenEditorOnUpdate">on</P>
		    </Object>
		  </Array>
		  <P Name="Name">SimMechanics2G</P>
		</Object>
	      </Array>
	      <P Name="Name">Simscape</P>
	      <P Name="EditingMode">Full</P>
	      <P Name="ExplicitSolverDiagnosticOptions">warning</P>
	      <P Name="GlobalZcOffDiagnosticOptions">warning</P>
	      <P Name="SimscapeLogType">none</P>
	      <P Name="SimscapeLogSimulationStatistics">off</P>
	      <P Name="SimscapeLogOpenViewer">off</P>
	      <P Name="SimscapeLogName">simlog</P>
	      <P Name="SimscapeLogDecimation">1</P>
	      <P Name="SimscapeLogLimitData">on</P>
	      <P Name="SimscapeLogDataHistory">5000</P>
	    </Object>
	  </Array>
	  <P Name="Name">Configuration</P>
	  <P Name="CurrentDlgPage">Solver</P>
	  <P Name="ConfigPrmDlgPosition"> [ 404, 160, 1516, 876 ] </P>
	</Object>
	<Object ObjectID="24" Version="1.14.3" ClassName="Simulink.ConfigSet">
	  <Array PropName="Components" Type="Handle" Dimension="1*9">
	    <Object ObjectID="25" Version="1.14.3" ClassName="Simulink.SolverCC">
	      <P Name="StartTime">0.0</P>
	      <P Name="StopTime">2</P>
	      <P Name="AbsTol">auto</P>
	      <P Name="FixedStep">auto</P>
	      <P Name="InitialStep">auto</P>
	      <P Name="MaxNumMinSteps">-1</P>
	      <P Name="MaxOrder">5</P>
	      <P Name="ZcThreshold">auto</P>
	      <P Name="ConsecutiveZCsStepRelTol">10*128*eps</P>
	      <P Name="MaxConsecutiveZCs">1000</P>
	      <P Name="ExtrapolationOrder">4</P>
	      <P Name="NumberNewtonIterations">1</P>
	      <P Name="MaxStep">auto</P>
	      <P Name="MinStep">auto</P>
	      <P Name="MaxConsecutiveMinStep">1</P>
	      <P Name="RelTol">1e-3</P>
	      <P Name="SolverMode">SingleTasking</P>
	      <P Name="EnableConcurrentExecution">off</P>
	      <P Name="ConcurrentTasks">off</P>
	      <P Name="Solver">ode23t</P>
	      <P Name="SolverName">ode23t</P>
	      <P Name="SolverJacobianMethodControl">auto</P>
	      <P Name="ShapePreserveControl">DisableAll</P>
	      <P Name="ZeroCrossControl">UseLocalSettings</P>
	      <P Name="ZeroCrossAlgorithm">Nonadaptive</P>
	      <P Name="AlgebraicLoopSolver">TrustRegion</P>
	      <P Name="SolverResetMethod">Fast</P>
	      <P Name="PositivePriorityOrder">off</P>
	      <P Name="AutoInsertRateTranBlk">off</P>
	      <P Name="SampleTimeConstraint">Unconstrained</P>
	      <P Name="InsertRTBMode">Whenever possible</P>
	    </Object>
	    <Object ObjectID="26" Version="1.14.3" ClassName="Simulink.DataIOCC">
	      <P Name="Decimation">1</P>
	      <P Name="ExternalInput">[t, u]</P>
	      <P Name="FinalStateName">xFinal</P>
	      <P Name="InitialState">xInitial</P>
	      <P Name="LimitDataPoints">on</P>
	      <P Name="MaxDataPoints">1000</P>
	      <P Name="LoadExternalInput">off</P>
	      <P Name="LoadInitialState">off</P>
	      <P Name="SaveFinalState">off</P>
	      <P Name="SaveCompleteFinalSimState">off</P>
	      <P Name="SaveFormat">Array</P>
	      <P Name="SignalLoggingSaveFormat">Dataset</P>
	      <P Name="SaveOutput">on</P>
	      <P Name="SaveState">off</P>
	      <P Name="SignalLogging">on</P>
	      <P Name="DSMLogging">on</P>
	      <P Name="InspectSignalLogs">off</P>
	      <P Name="VisualizeSimOutput">on</P>
	      <P Name="SaveTime">on</P>
	      <P Name="ReturnWorkspaceOutputs">off</P>
	      <P Name="StateSaveName">xout</P>
	      <P Name="TimeSaveName">tout</P>
	      <P Name="OutputSaveName">yout</P>
	      <P Name="SignalLoggingName">logsout</P>
	      <P Name="DSMLoggingName">dsmout</P>
	      <P Name="OutputOption">RefineOutputTimes</P>
	      <P Name="OutputTimes">[]</P>
	      <P Name="ReturnWorkspaceOutputsName">out</P>
	      <P Name="Refine">1</P>
	    </Object>
	    <Object ObjectID="27" Version="1.14.3" ClassName="Simulink.OptimizationCC">
	      <Array PropName="DisabledProps" Type="Cell" Dimension="1*8">
		<Cell Class="char">BooleansAsBitfields</Cell>
		<Cell Class="char">PassReuseOutputArgsAs</Cell>
		<Cell Class="char">PassReuseOutputArgsThreshold</Cell>
		<Cell Class="char">ZeroExternalMemoryAtStartup</Cell>
		<Cell Class="char">ZeroInternalMemoryAtStartup</Cell>
		<Cell Class="char">OptimizeModelRefInitCode</Cell>
		<Cell Class="char">NoFixptDivByZeroProtection</Cell>
		<Cell Class="char">UseSpecifiedMinMax</Cell>
	      </Array>
	      <P Name="BlockReduction">off</P>
	      <P Name="BooleanDataType">off</P>
	      <P Name="ConditionallyExecuteInputs">on</P>
	      <P Name="InlineParams">off</P>
	      <P Name="UseDivisionForNetSlopeComputation">Off</P>
	      <P Name="UseFloatMulNetSlope">off</P>
	      <P Name="DefaultUnderspecifiedDataType">double</P>
	      <P Name="UseSpecifiedMinMax">off</P>
	      <P Name="InlineInvariantSignals">off</P>
	      <P Name="OptimizeBlockIOStorage">on</P>
	      <P Name="BufferReuse">on</P>
	      <P Name="EnhancedBackFolding">off</P>
	      <P Name="CachingGlobalReferences">off</P>
	      <P Name="GlobalBufferReuse">on</P>
	      <P Name="StrengthReduction">off</P>
	      <P Name="ExpressionFolding">on</P>
	      <P Name="BooleansAsBitfields">off</P>
	      <P Name="BitfieldContainerType">uint_T</P>
	      <P Name="EnableMemcpy">on</P>
	      <P Name="MemcpyThreshold">64</P>
	      <P Name="PassReuseOutputArgsAs">Structure reference</P>
	      <P Name="ExpressionDepthLimit">128</P>
	      <P Name="FoldNonRolledExpr">on</P>
	      <P Name="LocalBlockOutputs">on</P>
	      <P Name="RollThreshold">5</P>
	      <P Name="SystemCodeInlineAuto">off</P>
	      <P Name="StateBitsets">off</P>
	      <P Name="DataBitsets">off</P>
	      <P Name="ActiveStateOutputEnumStorageType">Native Integer</P>
	      <P Name="UseTempVars">off</P>
	      <P Name="ZeroExternalMemoryAtStartup">on</P>
	      <P Name="ZeroInternalMemoryAtStartup">on</P>
	      <P Name="InitFltsAndDblsToZero">off</P>
	      <P Name="NoFixptDivByZeroProtection">off</P>
	      <P Name="EfficientFloat2IntCast">off</P>
	      <P Name="EfficientMapNaN2IntZero">on</P>
	      <P Name="OptimizeModelRefInitCode">off</P>
	      <P Name="LifeSpan">inf</P>
	      <P Name="MaxStackSize">Inherit from target</P>
	      <P Name="BufferReusableBoundary">on</P>
	      <P Name="SimCompilerOptimization">Off</P>
	      <P Name="AccelVerboseBuild">off</P>
	      <P Name="ParallelExecutionInRapidAccelerator">on</P>
	    </Object>
	    <Object ObjectID="28" Version="1.14.3" ClassName="Simulink.DebuggingCC">
	      <P Name="RTPrefix">error</P>
	      <P Name="ConsistencyChecking">none</P>
	      <P Name="ArrayBoundsChecking">none</P>
	      <P Name="SignalInfNanChecking">none</P>
	      <P Name="SignalRangeChecking">none</P>
	      <P Name="ReadBeforeWriteMsg">UseLocalSettings</P>
	      <P Name="WriteAfterWriteMsg">UseLocalSettings</P>
	      <P Name="WriteAfterReadMsg">UseLocalSettings</P>
	      <P Name="AlgebraicLoopMsg">warning</P>
	      <P Name="ArtificialAlgebraicLoopMsg">warning</P>
	      <P Name="SaveWithDisabledLinksMsg">warning</P>
	      <P Name="SaveWithParameterizedLinksMsg">none</P>
	      <P Name="CheckSSInitialOutputMsg">on</P>
	      <P Name="UnderspecifiedInitializationDetection">Classic</P>
	      <P Name="MergeDetectMultiDrivingBlocksExec">none</P>
	      <P Name="CheckExecutionContextPreStartOutputMsg">off</P>
	      <P Name="CheckExecutionContextRuntimeOutputMsg">off</P>
	      <P Name="SignalResolutionControl">TryResolveAllWithWarning</P>
	      <P Name="BlockPriorityViolationMsg">warning</P>
	      <P Name="MinStepSizeMsg">warning</P>
	      <P Name="TimeAdjustmentMsg">none</P>
	      <P Name="MaxConsecutiveZCsMsg">error</P>
	      <P Name="MaskedZcDiagnostic">warning</P>
	      <P Name="IgnoredZcDiagnostic">warning</P>
	      <P Name="SolverPrmCheckMsg">none</P>
	      <P Name="InheritedTsInSrcMsg">warning</P>
	      <P Name="DiscreteInheritContinuousMsg">warning</P>
	      <P Name="MultiTaskDSMMsg">error</P>
	      <P Name="MultiTaskCondExecSysMsg">error</P>
	      <P Name="MultiTaskRateTransMsg">error</P>
	      <P Name="SingleTaskRateTransMsg">none</P>
	      <P Name="TasksWithSamePriorityMsg">warning</P>
	      <P Name="SigSpecEnsureSampleTimeMsg">warning</P>
	      <P Name="CheckMatrixSingularityMsg">none</P>
	      <P Name="IntegerOverflowMsg">warning</P>
	      <P Name="Int32ToFloatConvMsg">warning</P>
	      <P Name="ParameterDowncastMsg">error</P>
	      <P Name="ParameterOverflowMsg">error</P>
	      <P Name="ParameterUnderflowMsg">none</P>
	      <P Name="ParameterPrecisionLossMsg">warning</P>
	      <P Name="ParameterTunabilityLossMsg">warning</P>
	      <P Name="FixptConstUnderflowMsg">none</P>
	      <P Name="FixptConstOverflowMsg">none</P>
	      <P Name="FixptConstPrecisionLossMsg">none</P>
	      <P Name="UnderSpecifiedDataTypeMsg">none</P>
	      <P Name="UnnecessaryDatatypeConvMsg">none</P>
	      <P Name="VectorMatrixConversionMsg">none</P>
	      <P Name="InvalidFcnCallConnMsg">error</P>
	      <P Name="FcnCallInpInsideContextMsg">EnableAllAsError</P>
	      <P Name="SignalLabelMismatchMsg">none</P>
	      <P Name="UnconnectedInputMsg">warning</P>
	      <P Name="UnconnectedOutputMsg">warning</P>
	      <P Name="UnconnectedLineMsg">warning</P>
	      <P Name="SFcnCompatibilityMsg">none</P>
	      <P Name="FrameProcessingCompatibilityMsg">warning</P>
	      <P Name="UniqueDataStoreMsg">none</P>
	      <P Name="BusObjectLabelMismatch">warning</P>
	      <P Name="RootOutportRequireBusObject">warning</P>
	      <P Name="AssertControl">UseLocalSettings</P>
	      <P Name="EnableOverflowDetection">off</P>
	      <P Name="ModelReferenceIOMsg">none</P>
	      <P Name="ModelReferenceMultiInstanceNormalModeStructChecksumCheck">error</P>
	      <P Name="ModelReferenceVersionMismatchMessage">none</P>
	      <P Name="ModelReferenceIOMismatchMessage">none</P>
	      <P Name="ModelReferenceCSMismatchMessage">none</P>
	      <P Name="UnknownTsInhSupMsg">warning</P>
	      <P Name="ModelReferenceDataLoggingMessage">warning</P>
	      <P Name="ModelReferenceSymbolNameMessage">warning</P>
	      <P Name="ModelReferenceExtraNoncontSigs">error</P>
	      <P Name="StateNameClashWarn">none</P>
	      <P Name="SimStateInterfaceChecksumMismatchMsg">warning</P>
	      <P Name="SimStateOlderReleaseMsg">error</P>
	      <P Name="InitInArrayFormatMsg">warning</P>
	      <P Name="StrictBusMsg">ErrorLevel1</P>
	      <P Name="BusNameAdapt">WarnAndRepair</P>
	      <P Name="NonBusSignalsTreatedAsBus">none</P>
	      <P Name="LoggingUnavailableSignals">error</P>
	      <P Name="BlockIODiagnostic">none</P>
	      <P Name="SFUnusedDataAndEventsDiag">warning</P>
	      <P Name="SFUnexpectedBacktrackingDiag">warning</P>
	      <P Name="SFInvalidInputDataAccessInChartInitDiag">warning</P>
	      <P Name="SFNoUnconditionalDefaultTransitionDiag">warning</P>
	      <P Name="SFTransitionOutsideNaturalParentDiag">warning</P>
	      <P Name="SFUnconditionalTransitionShadowingDiag">warning</P>
	      <P Name="SFUndirectedBroadcastEventsDiag">warning</P>
	      <P Name="SFTransitionActionBeforeConditionDiag">warning</P>
	      <P Name="IntegerSaturationMsg">warning</P>
	    </Object>
	    <Object ObjectID="29" Version="1.14.3" ClassName="Simulink.HardwareCC">
	      <P Name="ProdBitPerChar">8</P>
	      <P Name="ProdBitPerShort">16</P>
	      <P Name="ProdBitPerInt">32</P>
	      <P Name="ProdBitPerLong">32</P>
	      <P Name="ProdBitPerLongLong">64</P>
	      <P Name="ProdBitPerFloat">32</P>
	      <P Name="ProdBitPerDouble">64</P>
	      <P Name="ProdBitPerPointer">32</P>
	      <P Name="ProdLargestAtomicInteger">Char</P>
	      <P Name="ProdLargestAtomicFloat">None</P>
	      <P Name="ProdIntDivRoundTo">Undefined</P>
	      <P Name="ProdEndianess">Unspecified</P>
	      <P Name="ProdWordSize">32</P>
	      <P Name="ProdShiftRightIntArith">on</P>
	      <P Name="ProdLongLongMode">off</P>
	      <P Name="ProdHWDeviceType">32-bit Generic</P>
	      <P Name="TargetBitPerChar">8</P>
	      <P Name="TargetBitPerShort">16</P>
	      <P Name="TargetBitPerInt">32</P>
	      <P Name="TargetBitPerLong">32</P>
	      <P Name="TargetBitPerLongLong">64</P>
	      <P Name="TargetBitPerFloat">32</P>
	      <P Name="TargetBitPerDouble">64</P>
	      <P Name="TargetBitPerPointer">32</P>
	      <P Name="TargetLargestAtomicInteger">Char</P>
	      <P Name="TargetLargestAtomicFloat">None</P>
	      <P Name="TargetShiftRightIntArith">on</P>
	      <P Name="TargetLongLongMode">off</P>
	      <P Name="TargetIntDivRoundTo">Undefined</P>
	      <P Name="TargetEndianess">Unspecified</P>
	      <P Name="TargetWordSize">32</P>
	      <P Name="TargetTypeEmulationWarnSuppressLevel">0</P>
	      <P Name="TargetPreprocMaxBitsSint">32</P>
	      <P Name="TargetPreprocMaxBitsUint">32</P>
	      <P Name="TargetHWDeviceType">Specified</P>
	      <P Name="TargetUnknown">on</P>
	      <P Name="ProdEqTarget">on</P>
	    </Object>
	    <Object ObjectID="30" Version="1.14.3" ClassName="Simulink.ModelReferenceCC">
	      <P Name="UpdateModelReferenceTargets">IfOutOfDateOrStructuralChange</P>
	      <P Name="CheckModelReferenceTargetMessage">error</P>
	      <P Name="EnableParallelModelReferenceBuilds">off</P>
	      <P Name="ParallelModelReferenceErrorOnInvalidPool">on</P>
	      <P Name="ParallelModelReferenceMATLABWorkerInit">None</P>
	      <P Name="ModelReferenceNumInstancesAllowed">Multi</P>
	      <P Name="PropagateVarSize">Infer from blocks in model</P>
	      <P Name="ModelReferencePassRootInputsByReference">on</P>
	      <P Name="ModelReferenceMinAlgLoopOccurrences">off</P>
	      <P Name="PropagateSignalLabelsOutOfModel">off</P>
	      <P Name="SupportModelReferenceSimTargetCustomCode">off</P>
	    </Object>
	    <Object ObjectID="31" Version="1.14.3" ClassName="Simulink.SFSimCC">
	      <P Name="SFSimEnableDebug">on</P>
	      <P Name="SFSimOverflowDetection">on</P>
	      <P Name="SFSimEcho">on</P>
	      <P Name="SimBlas">on</P>
	      <P Name="SimCtrlC">on</P>
	      <P Name="SimExtrinsic">on</P>
	      <P Name="SimIntegrity">on</P>
	      <P Name="SimUseLocalCustomCode">off</P>
	      <P Name="SimParseCustomCode">on</P>
	      <P Name="SimBuildMode">sf_incremental_build</P>
	      <P Name="SimGenImportedTypeDefs">off</P>
	    </Object>
	    <Object BackupClass="Simulink.RTWCC" ObjectID="32" Version="1.14.3" ClassName="Simulink.RTWCC">
	      <Array PropName="DisabledProps" Type="Cell" Dimension="1*15">
		<Cell Class="char">IncludeHyperlinkInReport</Cell>
		<Cell Class="char">GenerateTraceInfo</Cell>
		<Cell Class="char">GenerateTraceReport</Cell>
		<Cell Class="char">GenerateTraceReportSl</Cell>
		<Cell Class="char">GenerateTraceReportSf</Cell>
		<Cell Class="char">GenerateTraceReportEml</Cell>
		<Cell Class="char">PortableWordSizes</Cell>
		<Cell Class="char">GenerateWebview</Cell>
		<Cell Class="char">GenerateCodeMetricsReport</Cell>
		<Cell Class="char">GenerateCodeReplacementReport</Cell>
		<Cell Class="char">GenerateErtSFunction</Cell>
		<Cell Class="char">CreateSILPILBlock</Cell>
		<Cell Class="char">CodeExecutionProfiling</Cell>
		<Cell Class="char">CodeProfilingSaveOptions</Cell>
		<Cell Class="char">CodeProfilingInstrumentation</Cell>
	      </Array>
	      <P Name="SystemTargetFile">grt.tlc</P>
	      <P Name="TLCOptions"></P>
	      <P Name="GenCodeOnly">off</P>
	      <P Name="MakeCommand">make_rtw</P>
	      <P Name="GenerateMakefile">on</P>
	      <P Name="PackageGeneratedCodeAndArtifacts">off</P>
	      <P Name="PackageName"></P>
	      <P Name="TemplateMakefile">grt_default_tmf</P>
	      <P Name="PostCodeGenCommand"></P>
	      <P Name="Description"></P>
	      <P Name="GenerateReport">off</P>
	      <P Name="SaveLog">off</P>
	      <P Name="RTWVerbose">on</P>
	      <P Name="RetainRTWFile">off</P>
	      <P Name="ProfileTLC">off</P>
	      <P Name="TLCDebug">off</P>
	      <P Name="TLCCoverage">off</P>
	      <P Name="TLCAssert">off</P>
	      <P Name="ProcessScriptMode">Default</P>
	      <P Name="ConfigurationMode">Optimized</P>
	      <P Name="ProcessScript"></P>
	      <P Name="ConfigurationScript"></P>
	      <P Name="ConfigAtBuild">off</P>
	      <P Name="RTWUseLocalCustomCode">off</P>
	      <P Name="RTWUseSimCustomCode">off</P>
	      <P Name="CustomSourceCode"></P>
	      <P Name="CustomHeaderCode"></P>
	      <P Name="CustomInclude"></P>
	      <P Name="CustomSource"></P>
	      <P Name="CustomLibrary"></P>
	      <P Name="CustomInitializer"></P>
	      <P Name="CustomTerminator"></P>
	      <P Name="Toolchain">Automatically locate an installed toolchain</P>
	      <P Name="BuildConfiguration">Faster Builds</P>
	      <P Name="IncludeHyperlinkInReport">off</P>
	      <P Name="LaunchReport">off</P>
	      <P Name="PortableWordSizes">off</P>
	      <P Name="CreateSILPILBlock">None</P>
	      <P Name="CodeExecutionProfiling">off</P>
	      <P Name="CodeExecutionProfileVariable">executionProfile</P>
	      <P Name="CodeProfilingSaveOptions">SummaryOnly</P>
	      <P Name="CodeProfilingInstrumentation">off</P>
	      <P Name="SILDebugging">off</P>
	      <P Name="TargetLang">C</P>
	      <P Name="IncludeBusHierarchyInRTWFileBlockHierarchyMap">off</P>
	      <P Name="IncludeERTFirstTime">off</P>
	      <P Name="GenerateTraceInfo">off</P>
	      <P Name="GenerateTraceReport">off</P>
	      <P Name="GenerateTraceReportSl">off</P>
	      <P Name="GenerateTraceReportSf">off</P>
	      <P Name="GenerateTraceReportEml">off</P>
	      <P Name="GenerateCodeInfo">off</P>
	      <P Name="GenerateWebview">off</P>
	      <P Name="GenerateCodeMetricsReport">off</P>
	      <P Name="GenerateCodeReplacementReport">off</P>
	      <P Name="RTWCompilerOptimization">Off</P>
	      <P Name="RTWCustomCompilerOptimizations"></P>
	      <P Name="CheckMdlBeforeBuild">Off</P>
	      <P Name="CustomRebuildMode">OnUpdate</P>
	      <P Name="DataInitializer"></P>
	      <P Name="SharedConstantsCachingThreshold">1024</P>
	      <Array PropName="Components" Type="Handle" Dimension="1*2">
		<Object ObjectID="33" Version="1.14.3" ClassName="Simulink.CodeAppCC">
		  <Array PropName="DisabledProps" Type="Cell" Dimension="1*24">
		    <Cell Class="char">IgnoreCustomStorageClasses</Cell>
		    <Cell Class="char">ParameterTuningSideEffectCode</Cell>
		    <Cell Class="char">IgnoreTestpoints</Cell>
		    <Cell Class="char">InsertBlockDesc</Cell>
		    <Cell Class="char">InsertPolySpaceComments</Cell>
		    <Cell Class="char">SFDataObjDesc</Cell>
		    <Cell Class="char">MATLABFcnDesc</Cell>
		    <Cell Class="char">SimulinkDataObjDesc</Cell>
		    <Cell Class="char">DefineNamingRule</Cell>
		    <Cell Class="char">SignalNamingRule</Cell>
		    <Cell Class="char">ParamNamingRule</Cell>
		    <Cell Class="char">InternalIdentifier</Cell>
		    <Cell Class="char">InlinedPrmAccess</Cell>
		    <Cell Class="char">CustomSymbolStr</Cell>
		    <Cell Class="char">CustomSymbolStrGlobalVar</Cell>
		    <Cell Class="char">CustomSymbolStrType</Cell>
		    <Cell Class="char">CustomSymbolStrField</Cell>
		    <Cell Class="char">CustomSymbolStrFcn</Cell>
		    <Cell Class="char">CustomSymbolStrFcnArg</Cell>
		    <Cell Class="char">CustomSymbolStrBlkIO</Cell>
		    <Cell Class="char">CustomSymbolStrTmpVar</Cell>
		    <Cell Class="char">CustomSymbolStrMacro</Cell>
		    <Cell Class="char">CustomSymbolStrUtil</Cell>
		    <Cell Class="char">ReqsInCode</Cell>
		  </Array>
		  <P Name="ForceParamTrailComments">off</P>
		  <P Name="GenerateComments">on</P>
		  <P Name="CommentStyle">Auto</P>
		  <P Name="IgnoreCustomStorageClasses">on</P>
		  <P Name="IgnoreTestpoints">off</P>
		  <P Name="IncHierarchyInIds">off</P>
		  <P Name="MaxIdLength">31</P>
		  <P Name="PreserveName">off</P>
		  <P Name="PreserveNameWithParent">off</P>
		  <P Name="ShowEliminatedStatement">off</P>
		  <P Name="OperatorAnnotations">off</P>
		  <P Name="IncAutoGenComments">off</P>
		  <P Name="SimulinkDataObjDesc">off</P>
		  <P Name="SFDataObjDesc">off</P>
		  <P Name="MATLABFcnDesc">off</P>
		  <P Name="IncDataTypeInIds">off</P>
		  <P Name="MangleLength">1</P>
		  <P Name="CustomSymbolStrGlobalVar">$R$N$M</P>
		  <P Name="CustomSymbolStrType">$N$R$M_T</P>
		  <P Name="CustomSymbolStrField">$N$M</P>
		  <P Name="CustomSymbolStrFcn">$R$N$M$F</P>
		  <P Name="CustomSymbolStrFcnArg">rt$I$N$M</P>
		  <P Name="CustomSymbolStrBlkIO">rtb_$N$M</P>
		  <P Name="CustomSymbolStrTmpVar">$N$M</P>
		  <P Name="CustomSymbolStrMacro">$R$N$M</P>
		  <P Name="CustomSymbolStrUtil">$N$C</P>
		  <P Name="DefineNamingRule">None</P>
		  <P Name="ParamNamingRule">None</P>
		  <P Name="SignalNamingRule">None</P>
		  <P Name="InsertBlockDesc">off</P>
		  <P Name="InsertPolySpaceComments">off</P>
		  <P Name="SimulinkBlockComments">on</P>
		  <P Name="MATLABSourceComments">off</P>
		  <P Name="EnableCustomComments">off</P>
		  <P Name="InternalIdentifier">Shortened</P>
		  <P Name="InlinedPrmAccess">Literals</P>
		  <P Name="ReqsInCode">off</P>
		  <P Name="UseSimReservedNames">off</P>
		</Object>
		<Object BackupClass="Simulink.TargetCC" ObjectID="34" Version="1.14.3" ClassName="Simulink.GRTTargetCC">
		  <Array PropName="DisabledProps" Type="Cell" Dimension="1*13">
		    <Cell Class="char">GeneratePreprocessorConditionals</Cell>
		    <Cell Class="char">IncludeMdlTerminateFcn</Cell>
		    <Cell Class="char">SuppressErrorStatus</Cell>
		    <Cell Class="char">ERTCustomFileBanners</Cell>
		    <Cell Class="char">GenerateSampleERTMain</Cell>
		    <Cell Class="char">GenerateTestInterfaces</Cell>
		    <Cell Class="char">ModelStepFunctionPrototypeControlCompliant</Cell>
		    <Cell Class="char">GenerateAllocFcn</Cell>
		    <Cell Class="char">PurelyIntegerCode</Cell>
		    <Cell Class="char">SupportComplex</Cell>
		    <Cell Class="char">SupportAbsoluteTime</Cell>
		    <Cell Class="char">SupportContinuousTime</Cell>
		    <Cell Class="char">SupportNonInlinedSFcns</Cell>
		  </Array>
		  <P Name="TargetFcnLib">ansi_tfl_table_tmw.mat</P>
		  <P Name="TargetLibSuffix"></P>
		  <P Name="TargetPreCompLibLocation"></P>
		  <P Name="GenFloatMathFcnCalls">NOT IN USE</P>
		  <P Name="TargetLangStandard">C89/C90 (ANSI)</P>
		  <P Name="CodeReplacementLibrary">None</P>
		  <P Name="UtilityFuncGeneration">Auto</P>
		  <P Name="ERTMultiwordTypeDef">System defined</P>
		  <P Name="ERTMultiwordLength">256</P>
		  <P Name="MultiwordLength">2048</P>
		  <P Name="GenerateFullHeader">on</P>
		  <P Name="GenerateSampleERTMain">off</P>
		  <P Name="GenerateTestInterfaces">off</P>
		  <P Name="ModelReferenceCompliant">on</P>
		  <P Name="ParMdlRefBuildCompliant">on</P>
		  <P Name="CompOptLevelCompliant">on</P>
		  <P Name="ConcurrentExecutionCompliant">on</P>
		  <P Name="IncludeMdlTerminateFcn">on</P>
		  <P Name="GeneratePreprocessorConditionals">Disable all</P>
		  <P Name="CombineOutputUpdateFcns">on</P>
		  <P Name="CombineSignalStateStructs">off</P>
		  <P Name="SuppressErrorStatus">off</P>
		  <P Name="ERTFirstTimeCompliant">off</P>
		  <P Name="IncludeFileDelimiter">Auto</P>
		  <P Name="ERTCustomFileBanners">off</P>
		  <P Name="SupportAbsoluteTime">on</P>
		  <P Name="LogVarNameModifier">rt_</P>
		  <P Name="MatFileLogging">on</P>
		  <P Name="MultiInstanceERTCode">off</P>
		  <P Name="CodeInterfacePackaging">Nonreusable function</P>
		  <P Name="SupportNonFinite">on</P>
		  <P Name="SupportComplex">on</P>
		  <P Name="PurelyIntegerCode">off</P>
		  <P Name="SupportContinuousTime">on</P>
		  <P Name="SupportNonInlinedSFcns">on</P>
		  <P Name="SupportVariableSizeSignals">off</P>
		  <P Name="EnableShiftOperators">on</P>
		  <P Name="ParenthesesLevel">Nominal</P>
		  <P Name="CastingMode">Nominal</P>
		  <P Name="MATLABClassNameForMDSCustomization">Simulink.SoftwareTarget.GRTCustomization</P>
		  <P Name="ModelStepFunctionPrototypeControlCompliant">off</P>
		  <P Name="CPPClassGenCompliant">on</P>
		  <P Name="AutosarCompliant">off</P>
		  <P Name="GRTInterface">off</P>
		  <P Name="GenerateAllocFcn">off</P>
		  <P Name="GenerateSharedConstants">on</P>
		  <P Name="UseMalloc">off</P>
		  <P Name="ExtMode">off</P>
		  <P Name="ExtModeStaticAlloc">off</P>
		  <P Name="ExtModeTesting">off</P>
		  <P Name="ExtModeStaticAllocSize">1000000</P>
		  <P Name="ExtModeTransport">0</P>
		  <P Name="ExtModeMexFile">ext_comm</P>
		  <P Name="ExtModeIntrfLevel">Level1</P>
		  <P Name="RTWCAPISignals">off</P>
		  <P Name="RTWCAPIParams">off</P>
		  <P Name="RTWCAPIStates">off</P>
		  <P Name="RTWCAPIRootIO">off</P>
		  <P Name="GenerateASAP2">off</P>
		  <P Name="MultiInstanceErrorCode">Error</P>
		</Object>
	      </Array>
	    </Object>
	    <Object ObjectID="35" Version="1.0" ClassName="SSC.SimscapeCC">
	      <Array PropName="DisabledProps" Type="Cell" Dimension="1*1">
		<Cell Class="char">Name</Cell>
	      </Array>
	      <Array PropName="Components" Type="Handle" Dimension="1*2">
		<Object ObjectID="36" Version="1.14.3" ClassName="MECH.SimMechanicsCC">
		  <P Name="Name">SimMechanics</P>
		  <P Name="WarnOnRedundantConstraints">on</P>
		  <P Name="WarnOnSingularInitialAssembly">off</P>
		  <P Name="ShowCutJoints">off</P>
		  <P Name="VisOnUpdateDiagram">off</P>
		  <P Name="VisDuringSimulation">off</P>
		  <P Name="EnableVisSimulationTime">on</P>
		  <P Name="VisSampleTime">0</P>
		  <P Name="DisableBodyVisControl">off</P>
		  <P Name="ShowCG">on</P>
		  <P Name="ShowCS">on</P>
		  <P Name="ShowOnlyPortCS">off</P>
		  <P Name="HighlightModel">on</P>
		  <P Name="FramesToBeSkipped">0</P>
		  <P Name="AnimationDelay">3</P>
		  <P Name="RecordAVI">off</P>
		  <P Name="CompressAVI">on</P>
		  <P Name="AutoFitVis">off</P>
		  <P Name="EnableSelection">on</P>
		  <P Name="LastVizWinPosition">[-1 -1 -1 -1]</P>
		  <P Name="CamPosition">[0 0 0]</P>
		  <P Name="CamTarget">[0 0 -1]</P>
		  <P Name="CamUpVector">[0 1 0]</P>
		  <P Name="CamHeight">-1</P>
		  <P Name="CamViewAngle">0</P>
		  <P Name="VisBackgroundColor">[0.9 0.9 0.95]</P>
		  <P Name="DefaultBodyColor">[1 0 0]</P>
		  <P Name="MDLBodyVisualizationType">Convex hull from body CS locations</P>
		  <P Name="OVRRIDBodyVisualizationType">NONE</P>
		</Object>
		<Object ObjectID="37" Version="1.14.3" ClassName="simmechanics.ConfigurationSet">
		  <P Name="Description">SimMechanics 2G</P>
		  <Array PropName="Components" Type="Handle" Dimension="1*2">
		    <Object ObjectID="38" Version="1.14.3" ClassName="simmechanics.DiagnosticsConfigSet">
		    <P Name="Description">Diagnostics</P>
		    <P Name="Name">DiagnosticsConfigSet</P>
		    <P Name="SimMechanicsInvalidVisualProperty">warning</P>
		    <P Name="SimMechanicsCrossSectionNullEdge">warning</P>
		    <P Name="SimMechanicsUnconnectedFramePorts">warning</P>
		    <P Name="SimMechanicsRedundantBlock">warning</P>
		    <P Name="SimMechanicsConflictingReferenceFrames">warning</P>
		    <P Name="SimMechanicsRigidlyBoundBlock">error</P>
		    <P Name="SimMechanicsUnsatisfiedHighPriorityTargets">warning</P>
		    <P Name="SimMechanicsJointTargetOverSpecification">error</P>
		    </Object>
		    <Object ObjectID="39" Version="1.14.3" ClassName="simmechanics.ExplorerConfigSet">
		    <P Name="Description">Explorer</P>
		    <P Name="Name">ExplorerConfigSet</P>
		    <P Name="SimMechanicsOpenEditorOnUpdate">on</P>
		    </Object>
		  </Array>
		  <P Name="Name">SimMechanics2G</P>
		</Object>
	      </Array>
	      <P Name="Name">Simscape</P>
	      <P Name="EditingMode">Full</P>
	      <P Name="ExplicitSolverDiagnosticOptions">warning</P>
	      <P Name="GlobalZcOffDiagnosticOptions">warning</P>
	      <P Name="SimscapeLogType">none</P>
	      <P Name="SimscapeLogSimulationStatistics">off</P>
	      <P Name="SimscapeLogOpenViewer">off</P>
	      <P Name="SimscapeLogName">simlog</P>
	      <P Name="SimscapeLogDecimation">1</P>
	      <P Name="SimscapeLogLimitData">on</P>
	      <P Name="SimscapeLogDataHistory">5000</P>
	    </Object>
	  </Array>
	  <P Name="Name">Configuration1</P>
	  <P Name="CurrentDlgPage">Solver</P>
	  <P Name="ConfigPrmDlgPosition"> [ 404, 160, 1516, 876 ] </P>
	</Object>
      </Array>
      <Object Reference="true" PropName="ActiveConfigurationSet" ObjectID="24" ClassName="Simulink.ConfigSet">
      </Object>
    </ConfigurationSet>
    <ConcurrentExecutionSettings>
      <Object PropName="DataTransfer" ObjectID="40" ClassName="Simulink.GlobalDataTransfer">
	<P Name="DefaultTransitionBetweenSyncTasks" Class="char">Ensure deterministic transfer (maximum delay)</P>
	<P Name="DefaultTransitionBetweenAsyncTasks" Class="char">Ensure data integrity only</P>
	<P Name="DefaultTransitionBetweenContTasks" Class="char">Ensure deterministic transfer (minimum delay)</P>
	<P Name="DefaultExtrapolationMethodBetweenContTasks" Class="char">None</P>
	<P Name="AutoInsertRateTranBlk" Class="logical">0</P>
      </Object>
      <P Name="ExplicitPartitioning">off</P>
    </ConcurrentExecutionSettings>
    <SystemDefaults>
      <P Name="PaperOrientation">landscape</P>
      <P Name="PaperPositionMode">auto</P>
      <P Name="PaperType">A4</P>
      <P Name="PaperUnits">centimeters</P>
      <P Name="TiledPaperMargins">[1.270000, 1.270000, 1.270000, 1.270000]</P>
      <P Name="TiledPageScale">1</P>
      <P Name="ShowPageBoundaries">off</P>
      <P Name="ModelBrowserVisibility">off</P>
      <P Name="ModelBrowserWidth">200</P>
      <P Name="ScreenColor">white</P>
    </SystemDefaults>
    <BlockDefaults>
      <P Name="ForegroundColor">black</P>
      <P Name="BackgroundColor">white</P>
      <P Name="DropShadow">off</P>
      <P Name="NamePlacement">normal</P>
      <P Name="FontName">Helvetica</P>
      <P Name="FontSize">10</P>
      <P Name="FontWeight">normal</P>
      <P Name="FontAngle">normal</P>
      <P Name="ShowName">on</P>
      <P Name="BlockRotation">0</P>
      <P Name="BlockMirror">off</P>
    </BlockDefaults>
    <AnnotationDefaults>
      <P Name="HorizontalAlignment">center</P>
      <P Name="VerticalAlignment">middle</P>
      <P Name="ForegroundColor">black</P>
      <P Name="BackgroundColor">white</P>
      <P Name="DropShadow">off</P>
      <P Name="FontName">Helvetica</P>
      <P Name="FontSize">10</P>
      <P Name="FontWeight">normal</P>
      <P Name="FontAngle">normal</P>
      <P Name="UseDisplayTextAsClickCallback">off</P>
    </AnnotationDefaults>
    <LineDefaults>
      <P Name="FontName">Helvetica</P>
      <P Name="FontSize">9</P>
      <P Name="FontWeight">normal</P>
      <P Name="FontAngle">normal</P>
    </LineDefaults>
    <MaskDefaults>
      <P Name="SelfModifiable">off</P>
      <P Name="IconFrame">on</P>
      <P Name="IconOpaque">on</P>
      <P Name="RunInitForIconRedraw">off</P>
      <P Name="IconRotate">none</P>
      <P Name="PortRotate">default</P>
      <P Name="IconUnits">autoscale</P>
    </MaskDefaults>
    <MaskParameterDefaults>
      <P Name="Evaluate">on</P>
      <P Name="Tunable">on</P>
      <P Name="NeverSave">off</P>
      <P Name="Internal">off</P>
      <P Name="ReadOnly">off</P>
      <P Name="Enabled">on</P>
      <P Name="Visible">on</P>
      <P Name="ToolTip">on</P>
    </MaskParameterDefaults>
    <BlockParameterDefaults>
      <Block BlockType="Constant">
	<P Name="Value">1</P>
	<P Name="VectorParams1D">on</P>
	<P Name="SamplingMode">Sample based</P>
	<P Name="OutMin">[]</P>
	<P Name="OutMax">[]</P>
	<P Name="OutDataTypeStr">Inherit: Inherit from &apos;Constant value&apos;</P>
	<P Name="LockScale">off</P>
	<P Name="SampleTime">inf</P>
	<P Name="FramePeriod">inf</P>
	<P Name="PreserveConstantTs">off</P>
      </Block>
      <Block BlockType="Product">
	<P Name="Inputs">2</P>
	<P Name="Multiplication">Element-wise(.*)</P>
	<P Name="CollapseMode">All dimensions</P>
	<P Name="CollapseDim">1</P>
	<P Name="InputSameDT">on</P>
	<P Name="OutMin">[]</P>
	<P Name="OutMax">[]</P>
	<P Name="OutDataTypeStr">Inherit: Same as first input</P>
	<P Name="LockScale">off</P>
	<P Name="RndMeth">Zero</P>
	<P Name="SaturateOnIntegerOverflow">on</P>
	<P Name="SampleTime">-1</P>
      </Block>
      <Block BlockType="Scope">
	<P Name="ModelBased">off</P>
	<P Name="TickLabels">OneTimeTick</P>
	<P Name="ZoomMode">on</P>
	<P Name="Grid">on</P>
	<P Name="TimeRange">auto</P>
	<P Name="YMin">-5</P>
	<P Name="YMax">5</P>
	<P Name="SaveToWorkspace">off</P>
	<P Name="SaveName">ScopeData</P>
	<P Name="DataFormat">Array</P>
	<P Name="LimitDataPoints">on</P>
	<P Name="MaxDataPoints">5000</P>
	<P Name="Decimation">1</P>
	<P Name="SampleInput">off</P>
	<P Name="SampleTime">-1</P>
      </Block>
      <Block BlockType="Sin">
	<P Name="SineType">Time based</P>
	<P Name="TimeSource">Use simulation time</P>
	<P Name="Amplitude">1</P>
	<P Name="Bias">0</P>
	<P Name="Frequency">1</P>
	<P Name="Phase">0</P>
	<P Name="Samples">10</P>
	<P Name="Offset">0</P>
	<P Name="SampleTime">-1</P>
	<P Name="VectorParams1D">on</P>
      </Block>
      <Block BlockType="Step">
	<P Name="Time">1</P>
	<P Name="Before">0</P>
	<P Name="After">1</P>
	<P Name="SampleTime">-1</P>
	<P Name="VectorParams1D">on</P>
	<P Name="ZeroCross">on</P>
      </Block>
      <Block BlockType="Sum">
	<P Name="IconShape">rectangular</P>
	<P Name="Inputs">++</P>
	<P Name="CollapseMode">All dimensions</P>
	<P Name="CollapseDim">1</P>
	<P Name="InputSameDT">on</P>
	<P Name="AccumDataTypeStr">Inherit: Inherit via internal rule</P>
	<P Name="OutMin">[]</P>
	<P Name="OutMax">[]</P>
	<P Name="OutDataTypeStr">Inherit: Same as first input</P>
	<P Name="LockScale">off</P>
	<P Name="RndMeth">Floor</P>
	<P Name="SaturateOnIntegerOverflow">on</P>
	<P Name="SampleTime">-1</P>
      </Block>
      <Block BlockType="ToWorkspace">
	<P Name="VariableName">simulink_output</P>
	<P Name="MaxDataPoints">1000</P>
	<P Name="Decimation">1</P>
	<P Name="SaveFormat">Array</P>
	<P Name="Save2DSignal">Inherit from input (this choice will be removed - see release notes)</P>
	<P Name="FixptAsFi">off</P>
	<P Name="NumInputs">1</P>
	<P Name="SampleTime">0</P>
      </Block>
    </BlockParameterDefaults>
    <System>
      <P Name="Location">[155, 137, 1537, 920]</P>
      <P Name="Open">on</P>
      <P Name="ModelBrowserWidth">200</P>
      <P Name="TiledPaperMargins">[1.270000, 1.270000, 1.270000, 1.270000]</P>
      <P Name="TiledPageScale">1</P>
      <P Name="ZoomFactor">100</P>
      <P Name="ReportName">simulink-default.rpt</P>
      <P Name="SIDHighWatermark">74</P>
      <Block BlockType="Sum" Name="Add" SID="67">
	<P Name="Ports">[2, 1]</P>
	<P Name="Position">[1285, 212, 1315, 243]</P>
	<P Name="ZOrder">81</P>
	<P Name="InputSameDT">off</P>
	<P Name="OutDataTypeStr">Inherit: Inherit via internal rule</P>
	<P Name="SaturateOnIntegerOverflow">off</P>
      </Block>
      <Block BlockType="Reference" Name="Compare&#xA;To Zero" SID="68">
	<P Name="Ports">[1, 1]</P>
	<P Name="Position">[1160, 220, 1190, 250]</P>
	<P Name="ZOrder">82</P>
	<P Name="LibraryVersion">1.354</P>
	<P Name="SourceBlock">simulink/Logic and Bit
Operations/Compare
To Zero</P>
	<P Name="SourceType">Compare To Zero</P>
	<P Name="ContentPreviewEnabled">off</P>
	<P Name="relop">&lt;=</P>
	<P Name="OutDataTypeStr">boolean</P>
	<P Name="ZeroCross">on</P>
      </Block>
      <Block BlockType="Constant" Name="Constant" SID="69">
	<P Name="Position">[1070, 205, 1100, 235]</P>
	<P Name="ZOrder">79</P>
	<P Name="Value">Sine_wave</P>
      </Block>
      <Block BlockType="Reference" Name="Controlled Voltage&#xA;Source" SID="47">
	<P Name="Ports">[0, 0, 0, 0, 0, 1, 2]</P>
	<P Name="Position">[1470, 175, 1510, 215]</P>
	<P Name="ZOrder">63</P>
	<P Name="BlockRotation">270</P>
	<P Name="BlockMirror">on</P>
	<P Name="LibraryVersion">8.41</P>
	<P Name="SourceBlock">fl_lib/Electrical/Electrical Sources/Controlled Voltage
Source</P>
	<P Name="SourceType">Controlled Voltage
Source</P>
	<P Name="LogSimulationData">off</P>
	<P Name="SourceFile">foundation.electrical.sources.controlled_voltage</P>
	<P Name="ComponentPath">foundation.electrical.sources.controlled_voltage</P>
	<P Name="ComponentVariants">foundation.electrical.sources.controlled_voltage</P>
	<P Name="ComponentVariantNames">controlled_voltage</P>
	<P Name="ClassName">controlled_voltage</P>
	<P Name="SchemaVersion">1</P>
      </Block>
      <Block BlockType="Reference" Name="DC Motor" SID="31">
	<P Name="Ports">[0, 0, 0, 0, 0, 2, 2]</P>
	<P Name="Position">[1555, 185, 1635, 235]</P>
	<P Name="ZOrder">47</P>
	<P Name="BlockRotation">270</P>
	<P Name="BlockMirror">on</P>
	<P Name="LibraryVersion">8.41</P>
	<P Name="SourceBlock">elec_lib/Actuators &amp; Drivers/Rotational Actuators/DC Motor</P>
	<P Name="SourceType">DC Motor</P>
	<P Name="LogSimulationData">off</P>
	<P Name="SourceFile">elec.actuators.rotational.dc_motor</P>
	<P Name="ComponentPath">elec.actuators.rotational.dc_motor</P>
	<P Name="ComponentVariants">elec.actuators.rotational.dc_motor, elec.actuators.rotational.dc_motor_thermal</P>
	<P Name="ComponentVariantNames">No thermal port, Show thermal port</P>
	<P Name="ClassName">Simscape variant</P>
	<P Name="SchemaVersion">1</P>
	<P Name="parameterization">1</P>
	<P Name="parameterization_unit">1</P>
	<P Name="Ra">R</P>
	<P Name="Ra_unit">Ohm</P>
	<P Name="La">L</P>
	<P Name="La_unit">H</P>
	<P Name="emf_or_torque">1</P>
	<P Name="emf_or_torque_unit">1</P>
	<P Name="Kv">Kemf</P>
	<P Name="Kv_unit">V/(rad/s)</P>
	<P Name="Ki">6.876e-4</P>
	<P Name="Ki_unit">N*m/A</P>
	<P Name="T_stall">2.4e-4</P>
	<P Name="T_stall_unit">N*m</P>
	<P Name="w_max">1.91e+4</P>
	<P Name="w_max_unit">rpm</P>
	<P Name="w_rated">1.5e+4</P>
	<P Name="w_rated_unit">rpm</P>
	<P Name="P_rated">0.08</P>
	<P Name="P_rated_unit">W</P>
	<P Name="V_rated">1.5</P>
	<P Name="V_rated_unit">V</P>
	<P Name="J">Jm</P>
	<P Name="J_unit">kg*m^2</P>
	<P Name="lam_param">1</P>
	<P Name="lam_param_unit">1</P>
	<P Name="lam">dm</P>
	<P Name="lam_unit">N*m/(rad/s)</P>
	<P Name="i_noload">0</P>
	<P Name="i_noload_unit">A</P>
	<P Name="V_i_noload">1.5</P>
	<P Name="V_i_noload_unit">V</P>
	<P Name="speed0">0</P>
	<P Name="speed0_unit">rpm</P>
	<P Name="alpha">0.00393</P>
	<P Name="alpha_unit">1/K</P>
	<P Name="Tmeas">25</P>
	<P Name="Tmeas_unit">C</P>
	<P Name="thermal_mass">100</P>
	<P Name="thermal_mass_unit">J/K</P>
	<P Name="initial_temperature">25</P>
	<P Name="initial_temperature_unit">C</P>
      </Block>
      <Block BlockType="Reference" Name="Electrical Reference" SID="34">
	<P Name="Ports">[0, 0, 0, 0, 0, 1]</P>
	<P Name="Position">[1520, 300, 1540, 320]</P>
	<P Name="ZOrder">50</P>
	<P Name="BlockRotation">270</P>
	<P Name="BlockMirror">on</P>
	<P Name="LibraryVersion">8.41</P>
	<P Name="SourceBlock">fl_lib/Electrical/Electrical Elements/Electrical Reference</P>
	<P Name="SourceType">Electrical Reference</P>
	<P Name="LogSimulationData">off</P>
	<P Name="SourceFile">foundation.electrical.elements.reference</P>
	<P Name="ComponentPath">foundation.electrical.elements.reference</P>
	<P Name="ComponentVariants">foundation.electrical.elements.reference</P>
	<P Name="ComponentVariantNames">reference</P>
	<P Name="ClassName">reference</P>
	<P Name="SchemaVersion">1</P>
      </Block>
      <Block BlockType="Reference" Name="Gear Box" SID="37">
	<P Name="Ports">[0, 0, 0, 0, 0, 1, 1]</P>
	<P Name="Position">[1780, 135, 1820, 175]</P>
	<P Name="ZOrder">53</P>
	<P Name="LibraryVersion">8.41</P>
	<P Name="SourceBlock">fl_lib/Mechanical/Mechanisms/Gear Box</P>
	<P Name="SourceType">Gear Box</P>
	<P Name="LogSimulationData">off</P>
	<P Name="SourceFile">foundation.mechanical.mechanisms.gear_box</P>
	<P Name="ComponentPath">foundation.mechanical.mechanisms.gear_box</P>
	<P Name="ComponentVariants">foundation.mechanical.mechanisms.gear_box</P>
	<P Name="ComponentVariantNames">gear_box</P>
	<P Name="ClassName">gear_box</P>
	<P Name="SchemaVersion">1</P>
	<P Name="ratio">n</P>
	<P Name="ratio_unit">1</P>
	<P Name="t_in_specify">off</P>
	<P Name="t_in_priority">High</P>
	<P Name="t_in">0</P>
	<P Name="t_in_unit">N*m</P>
	<P Name="t_out_specify">off</P>
	<P Name="t_out_priority">High</P>
	<P Name="t_out">0</P>
	<P Name="t_out_unit">N*m</P>
      </Block>
      <Block BlockType="Reference" Name="Ideal Rotational&#xA;Motion Sensor" SID="40">
	<P Name="Ports">[0, 0, 0, 0, 0, 1, 3]</P>
	<P Name="Position">[2195, 125, 2235, 165]</P>
	<P Name="ZOrder">56</P>
	<P Name="LibraryVersion">8.41</P>
	<P Name="SourceBlock">fl_lib/Mechanical/Mechanical Sensors/Ideal Rotational
Motion Sensor</P>
	<P Name="SourceType">Ideal Rotational
Motion Sensor</P>
	<P Name="LogSimulationData">off</P>
	<P Name="SourceFile">foundation.mechanical.sensors.angular_velocity</P>
	<P Name="ComponentPath">foundation.mechanical.sensors.angular_velocity</P>
	<P Name="ComponentVariants">foundation.mechanical.sensors.angular_velocity</P>
	<P Name="ComponentVariantNames">angular_velocity</P>
	<P Name="ClassName">angular_velocity</P>
	<P Name="SchemaVersion">1</P>
	<P Name="offset">0</P>
	<P Name="offset_unit">rad</P>
      </Block>
      <Block BlockType="Reference" Name="Ideal Torque Sensor" SID="59">
	<P Name="Ports">[0, 0, 0, 0, 0, 1, 2]</P>
	<P Name="Position">[1685, 145, 1725, 185]</P>
	<P Name="ZOrder">69</P>
	<P Name="LibraryVersion">8.41</P>
	<P Name="SourceBlock">fl_lib/Mechanical/Mechanical Sensors/Ideal Torque Sensor</P>
	<P Name="SourceType">Ideal Torque Sensor</P>
	<P Name="LogSimulationData">off</P>
	<P Name="SourceFile">foundation.mechanical.sensors.torque</P>
	<P Name="ComponentPath">foundation.mechanical.sensors.torque</P>
	<P Name="ComponentVariants">foundation.mechanical.sensors.torque</P>
	<P Name="ComponentVariantNames">torque</P>
	<P Name="ClassName">torque</P>
	<P Name="SchemaVersion">1</P>
      </Block>
      <Block BlockType="Reference" Name="Ideal Torque Sensor1" SID="63">
	<P Name="Ports">[0, 0, 0, 0, 0, 1, 2]</P>
	<P Name="Position">[1945, 135, 1985, 175]</P>
	<P Name="ZOrder">73</P>
	<P Name="LibraryVersion">8.41</P>
	<P Name="SourceBlock">fl_lib/Mechanical/Mechanical Sensors/Ideal Torque Sensor</P>
	<P Name="SourceType">Ideal Torque Sensor</P>
	<P Name="LogSimulationData">off</P>
	<P Name="SourceFile">foundation.mechanical.sensors.torque</P>
	<P Name="ComponentPath">foundation.mechanical.sensors.torque</P>
	<P Name="ComponentVariants">foundation.mechanical.sensors.torque</P>
	<P Name="ComponentVariantNames">torque</P>
	<P Name="ClassName">torque</P>
	<P Name="SchemaVersion">1</P>
      </Block>
      <Block BlockType="Reference" Name="Inertia" SID="38">
	<P Name="Ports">[0, 0, 0, 0, 0, 1]</P>
	<P Name="Position">[2035, 150, 2075, 190]</P>
	<P Name="ZOrder">54</P>
	<P Name="BlockRotation">270</P>
	<P Name="BlockMirror">on</P>
	<P Name="LibraryVersion">8.41</P>
	<P Name="SourceBlock">fl_lib/Mechanical/Rotational Elements/Inertia</P>
	<P Name="SourceType">Inertia</P>
	<P Name="LogSimulationData">off</P>
	<P Name="SourceFile">foundation.mechanical.rotational.inertia</P>
	<P Name="ComponentPath">foundation.mechanical.rotational.inertia</P>
	<P Name="ComponentVariants">foundation.mechanical.rotational.inertia</P>
	<P Name="ComponentVariantNames">inertia</P>
	<P Name="ClassName">inertia</P>
	<P Name="SchemaVersion">1</P>
	<P Name="inertia">J1</P>
	<P Name="inertia_unit">kg*m^2</P>
	<P Name="w_specify">off</P>
	<P Name="w_priority">High</P>
	<P Name="w">0</P>
	<P Name="w_unit">rad/s</P>
	<P Name="t_specify">off</P>
	<P Name="t_priority">High</P>
	<P Name="t">0</P>
	<P Name="t_unit">N*m</P>
      </Block>
      <Block BlockType="Reference" Name="Inertia1" SID="39">
	<P Name="Ports">[0, 0, 0, 0, 0, 1]</P>
	<P Name="Position">[2105, 150, 2145, 190]</P>
	<P Name="ZOrder">55</P>
	<P Name="BlockRotation">270</P>
	<P Name="BlockMirror">on</P>
	<P Name="LibraryVersion">8.41</P>
	<P Name="SourceBlock">fl_lib/Mechanical/Rotational Elements/Inertia</P>
	<P Name="SourceType">Inertia</P>
	<P Name="LogSimulationData">off</P>
	<P Name="SourceFile">foundation.mechanical.rotational.inertia</P>
	<P Name="ComponentPath">foundation.mechanical.rotational.inertia</P>
	<P Name="ComponentVariants">foundation.mechanical.rotational.inertia</P>
	<P Name="ComponentVariantNames">inertia</P>
	<P Name="ClassName">inertia</P>
	<P Name="SchemaVersion">1</P>
	<P Name="inertia">J2</P>
	<P Name="inertia_unit">kg*m^2</P>
	<P Name="w_specify">off</P>
	<P Name="w_priority">High</P>
	<P Name="w">0</P>
	<P Name="w_unit">rad/s</P>
	<P Name="t_specify">off</P>
	<P Name="t_priority">High</P>
	<P Name="t">0</P>
	<P Name="t_unit">N*m</P>
      </Block>
      <Block BlockType="Reference" Name="Mechanical&#xA;Rotational Reference" SID="36">
	<P Name="Ports">[0, 0, 0, 0, 0, 1]</P>
	<P Name="Position">[1685, 300, 1705, 320]</P>
	<P Name="ZOrder">52</P>
	<P Name="BlockRotation">270</P>
	<P Name="BlockMirror">on</P>
	<P Name="LibraryVersion">8.41</P>
	<P Name="SourceBlock">fl_lib/Mechanical/Rotational Elements/Mechanical
Rotational Reference</P>
	<P Name="SourceType">Mechanical
Rotational Reference</P>
	<P Name="LogSimulationData">off</P>
	<P Name="SourceFile">foundation.mechanical.rotational.reference</P>
	<P Name="ComponentPath">foundation.mechanical.rotational.reference</P>
	<P Name="ComponentVariants">foundation.mechanical.rotational.reference</P>
	<P Name="ComponentVariantNames">reference</P>
	<P Name="ClassName">reference</P>
	<P Name="SchemaVersion">1</P>
      </Block>
      <Block BlockType="Reference" Name="Mechanical&#xA;Rotational Reference1" SID="50">
	<P Name="Ports">[0, 0, 0, 0, 0, 1]</P>
	<P Name="Position">[2260, 60, 2280, 80]</P>
	<P Name="ZOrder">66</P>
	<P Name="BlockRotation">270</P>
	<P Name="BlockMirror">on</P>
	<P Name="LibraryVersion">8.41</P>
	<P Name="SourceBlock">fl_lib/Mechanical/Rotational Elements/Mechanical
Rotational Reference</P>
	<P Name="SourceType">Mechanical
Rotational Reference</P>
	<P Name="LogSimulationData">off</P>
	<P Name="SourceFile">foundation.mechanical.rotational.reference</P>
	<P Name="ComponentPath">foundation.mechanical.rotational.reference</P>
	<P Name="ComponentVariants">foundation.mechanical.rotational.reference</P>
	<P Name="ComponentVariantNames">reference</P>
	<P Name="ClassName">reference</P>
	<P Name="SchemaVersion">1</P>
      </Block>
      <Block BlockType="Reference" Name="PS-Simulink&#xA;Converter1" SID="60">
	<P Name="Ports">[0, 1, 0, 0, 0, 1]</P>
	<P Name="Position">[1840, 270, 1870, 300]</P>
	<P Name="ZOrder">70</P>
	<P Name="LibraryVersion">1.1</P>
	<P Name="SourceBlock">nesl_utility/PS-Simulink
Converter</P>
	<P Name="SourceType">PS-Simulink
Converter</P>
	<P Name="ContentPreviewEnabled">off</P>
	<P Name="PhysicalDomain">network_engine_domain</P>
	<P Name="SubClassName">ps_output</P>
	<P Name="LeftPortType">input</P>
	<P Name="RightPortType">output</P>
	<P Name="PseudoPeriodic">off</P>
	<P Name="Frequencies">[]</P>
	<P Name="Unit">N*m</P>
	<P Name="AffineConversion">off</P>
      </Block>
      <Block BlockType="Reference" Name="PS-Simulink&#xA;Converter2" SID="41">
	<P Name="Ports">[0, 1, 0, 0, 0, 1]</P>
	<P Name="Position">[2380, 145, 2410, 175]</P>
	<P Name="ZOrder">57</P>
	<P Name="LibraryVersion">1.1</P>
	<P Name="SourceBlock">nesl_utility/PS-Simulink
Converter</P>
	<P Name="SourceType">PS-Simulink
Converter</P>
	<P Name="ContentPreviewEnabled">off</P>
	<P Name="PhysicalDomain">network_engine_domain</P>
	<P Name="SubClassName">ps_output</P>
	<P Name="LeftPortType">input</P>
	<P Name="RightPortType">output</P>
	<P Name="PseudoPeriodic">off</P>
	<P Name="Frequencies">[]</P>
	<P Name="Unit">1</P>
	<P Name="AffineConversion">off</P>
      </Block>
      <Block BlockType="Reference" Name="PS-Simulink&#xA;Converter3" SID="42">
	<P Name="Ports">[0, 1, 0, 0, 0, 1]</P>
	<P Name="Position">[2380, 210, 2410, 240]</P>
	<P Name="ZOrder">58</P>
	<P Name="LibraryVersion">1.1</P>
	<P Name="SourceBlock">nesl_utility/PS-Simulink
Converter</P>
	<P Name="SourceType">PS-Simulink
Converter</P>
	<P Name="ContentPreviewEnabled">off</P>
	<P Name="PhysicalDomain">network_engine_domain</P>
	<P Name="SubClassName">ps_output</P>
	<P Name="LeftPortType">input</P>
	<P Name="RightPortType">output</P>
	<P Name="PseudoPeriodic">off</P>
	<P Name="Frequencies">[]</P>
	<P Name="Unit">1</P>
	<P Name="AffineConversion">off</P>
      </Block>
      <Block BlockType="Reference" Name="PS-Simulink&#xA;Converter4" SID="64">
	<P Name="Ports">[0, 1, 0, 0, 0, 1]</P>
	<P Name="Position">[2095, 270, 2125, 300]</P>
	<P Name="ZOrder">74</P>
	<P Name="LibraryVersion">1.1</P>
	<P Name="SourceBlock">nesl_utility/PS-Simulink
Converter</P>
	<P Name="SourceType">PS-Simulink
Converter</P>
	<P Name="ContentPreviewEnabled">off</P>
	<P Name="PhysicalDomain">network_engine_domain</P>
	<P Name="SubClassName">ps_output</P>
	<P Name="LeftPortType">input</P>
	<P Name="RightPortType">output</P>
	<P Name="PseudoPeriodic">off</P>
	<P Name="Frequencies">[]</P>
	<P Name="Unit">N*m</P>
	<P Name="AffineConversion">off</P>
      </Block>
      <Block BlockType="Product" Name="Product" SID="70">
	<P Name="Ports">[2, 1]</P>
	<P Name="Position">[1215, 152, 1245, 183]</P>
	<P Name="ZOrder">78</P>
	<P Name="InputSameDT">off</P>
	<P Name="OutDataTypeStr">Inherit: Inherit via internal rule</P>
	<P Name="RndMeth">Floor</P>
	<P Name="SaturateOnIntegerOverflow">off</P>
      </Block>
      <Block BlockType="Product" Name="Product1" SID="71">
	<P Name="Ports">[2, 1]</P>
	<P Name="Position">[1225, 307, 1255, 338]</P>
	<P Name="ZOrder">80</P>
	<P Name="InputSameDT">off</P>
	<P Name="OutDataTypeStr">Inherit: Inherit via internal rule</P>
	<P Name="RndMeth">Floor</P>
	<P Name="SaturateOnIntegerOverflow">off</P>
      </Block>
      <Block BlockType="Reference" Name="Rotational Friction" SID="52">
	<P Name="Ports">[0, 0, 0, 0, 0, 1, 1]</P>
	<P Name="Position">[1859, 135, 1899, 175]</P>
	<P Name="ZOrder">85</P>
	<P Name="LibraryVersion">8.41</P>
	<P Name="SourceBlock">fl_lib/Mechanical/Rotational Elements/Rotational Friction</P>
	<P Name="SourceType">Rotational Friction</P>
	<P Name="LogSimulationData">off</P>
	<P Name="SourceFile">foundation.mechanical.rotational.friction</P>
	<P Name="ComponentPath">foundation.mechanical.rotational.friction</P>
	<P Name="ComponentVariants">foundation.mechanical.rotational.friction</P>
	<P Name="ComponentVariantNames">friction</P>
	<P Name="ClassName">friction</P>
	<P Name="SchemaVersion">1</P>
	<P Name="brkwy_trq">25</P>
	<P Name="brkwy_trq_unit">N*m</P>
	<P Name="Col_trq">Tc</P>
	<P Name="Col_trq_unit">N*m</P>
	<P Name="visc_coef">0</P>
	<P Name="visc_coef_unit">N*m/(rad/s)</P>
	<P Name="trans_coef">1</P>
	<P Name="trans_coef_unit">s/rad</P>
	<P Name="vel_thr">1E-4</P>
	<P Name="vel_thr_unit">rad/s</P>
	<P Name="w_specify">off</P>
	<P Name="w_priority">High</P>
	<P Name="w">0</P>
	<P Name="w_unit">rad/s</P>
	<P Name="t_specify">on</P>
	<P Name="t_priority">High</P>
	<P Name="t">Tc</P>
	<P Name="t_unit">N*m</P>
      </Block>
      <Block BlockType="Scope" Name="Scope" SID="74">
	<P Name="Ports">[3]</P>
	<P Name="Position">[1940, 343, 1970, 387]</P>
	<P Name="ZOrder">83</P>
	<P Name="Floating">off</P>
	<P Name="Location">[1005, 235, 1565, 655]</P>
	<P Name="Open">on</P>
	<P Name="NumInputPorts">3</P>
	<List ListType="AxesTitles">
	  <P Name="axes1">%&lt;SignalLabel&gt;</P>
	  <P Name="axes2">%&lt;SignalLabel&gt;</P>
	  <P Name="axes3">%&lt;SignalLabel&gt;</P>
	</List>
	<List ListType="ScopeGraphics">
	  <P Name="FigureColor">[0.5 0.5 0.5]</P>
	  <P Name="AxesColor">[0 0 0]</P>
	  <P Name="AxesTickColor">[1 1 1]</P>
	  <P Name="LineColors">[1 1 0;1 0 1;0 1 1;1 0 0;0 1 0;0 0 1]</P>
	  <P Name="LineStyles">-|-|-|-|-|-</P>
	  <P Name="LineWidths">[0.5 0.5 0.5 0.5 0.5 0.5]</P>
	  <P Name="MarkerStyles">none|none|none|none|none|none</P>
	</List>
	<P Name="ShowLegends">off</P>
	<P Name="YMin">0.00052~-5~-5</P>
	<P Name="YMax">0.00072~5~5</P>
	<P Name="DataFormat">StructureWithTime</P>
	<P Name="LimitDataPoints">off</P>
	<P Name="ScrollMode">off</P>
      </Block>
      <Block BlockType="Reference" Name="Simulink-PS&#xA;Converter1" SID="46">
	<P Name="Ports">[1, 0, 0, 0, 0, 0, 1]</P>
	<P Name="Position">[1375, 212, 1405, 248]</P>
	<P Name="ZOrder">62</P>
	<P Name="LibraryVersion">1.1</P>
	<P Name="SourceBlock">nesl_utility/Simulink-PS
Converter</P>
	<P Name="SourceType">Simulink-PS
Converter</P>
	<P Name="ContentPreviewEnabled">off</P>
	<P Name="PhysicalDomain">network_engine_domain</P>
	<P Name="SubClassName">ps_input</P>
	<P Name="LeftPortType">input</P>
	<P Name="RightPortType">output</P>
	<P Name="PseudoPeriodic">off</P>
	<P Name="Frequencies">[]</P>
	<P Name="NoiseDistribution">none</P>
	<P Name="NoiseParameters">[]</P>
	<P Name="Unit">1</P>
	<P Name="AffineConversion">off</P>
	<P Name="InputFiltering">off</P>
	<P Name="SimscapeFilterOrder">1</P>
	<P Name="InputFilterTimeConstant">0.001</P>
	<P Name="UdotUserProvided">1</P>
      </Block>
      <Block BlockType="Sin" Name="Sine Wave" SID="72">
	<P Name="Ports">[0, 1]</P>
	<P Name="Position">[1060, 315, 1090, 345]</P>
	<P Name="ZOrder">77</P>
	<P Name="Amplitude">Amplitude</P>
	<P Name="Frequency">Freq</P>
	<P Name="SampleTime">0</P>
      </Block>
      <Block BlockType="Reference" Name="Solver&#xA;Configuration1" SID="48">
	<P Name="Ports">[0, 0, 0, 0, 0, 0, 1]</P>
	<P Name="Position">[1425, 294, 1470, 326]</P>
	<P Name="ZOrder">64</P>
	<P Name="LibraryVersion">1.1</P>
	<P Name="SourceBlock">nesl_utility/Solver
Configuration</P>
	<P Name="SourceType">Solver
Configuration</P>
	<P Name="ContentPreviewEnabled">off</P>
	<P Name="PhysicalDomain">network_engine_domain</P>
	<P Name="SubClassName">solver</P>
	<P Name="LeftPortType">input</P>
	<P Name="RightPortType">generic</P>
	<P Name="Accelerate">off</P>
	<P Name="Tones">[]</P>
	<P Name="Harmonics">[]</P>
	<P Name="SimulateNoise">off</P>
	<P Name="Profile">off</P>
	<P Name="UseLocalSampling">off</P>
	<P Name="EnableSwitchedLinearOptims">on</P>
	<P Name="FrequencyDomain">off</P>
	<P Name="UseCCode">off</P>
	<P Name="RelTol">0.001</P>
	<P Name="AbsTol">1e-06</P>
	<P Name="MinStep">1e-09</P>
	<P Name="ToWorkspace">off</P>
	<P Name="DoDC">off</P>
	<P Name="ResidualTolerance">1e-09</P>
	<P Name="UseLocalSolver">off</P>
	<P Name="LocalSolverChoice">NE_BACKWARD_EULER_ADVANCER</P>
	<P Name="LocalSolverSampleTime">0.001</P>
	<P Name="DoFixedCost">off</P>
	<P Name="MaxNonlinIter">3</P>
	<P Name="MaxModeIter">2</P>
	<P Name="LinearAlgebra">Sparse</P>
	<P Name="DelaysMemoryBudget">1024</P>
	<P Name="AutomaticFiltering">on</P>
	<P Name="FilteringTimeConstant">0.001</P>
      </Block>
      <Block BlockType="Step" Name="Step" SID="73">
	<P Name="Position">[1110, 145, 1140, 175]</P>
	<P Name="ZOrder">76</P>
	<P Name="Time">0</P>
	<P Name="After">voltage</P>
	<P Name="SampleTime">0</P>
      </Block>
      <Block BlockType="ToWorkspace" Name="To Workspace1" SID="61">
	<P Name="Ports">[1]</P>
	<P Name="Position">[1910, 270, 1970, 300]</P>
	<P Name="ZOrder">71</P>
	<P Name="VariableName">MotorTorqueSc</P>
	<P Name="MaxDataPoints">inf</P>
	<P Name="SaveFormat">Structure With Time</P>
	<P Name="Save2DSignal">3-D array (concatenate along third dimension)</P>
	<P Name="FixptAsFi">on</P>
	<P Name="SampleTime">-1</P>
      </Block>
      <Block BlockType="ToWorkspace" Name="To Workspace2" SID="43">
	<P Name="Ports">[1]</P>
	<P Name="Position">[2475, 210, 2535, 240]</P>
	<P Name="ZOrder">59</P>
	<P Name="VariableName">ScapePos2</P>
	<P Name="MaxDataPoints">inf</P>
	<P Name="SaveFormat">Structure With Time</P>
	<P Name="Save2DSignal">3-D array (concatenate along third dimension)</P>
	<P Name="FixptAsFi">on</P>
	<P Name="SampleTime">-1</P>
      </Block>
      <Block BlockType="ToWorkspace" Name="To Workspace3" SID="44">
	<P Name="Ports">[1]</P>
	<P Name="Position">[2475, 145, 2535, 175]</P>
	<P Name="ZOrder">60</P>
	<P Name="VariableName">ScapeSpeed2</P>
	<P Name="MaxDataPoints">inf</P>
	<P Name="SaveFormat">Structure With Time</P>
	<P Name="Save2DSignal">3-D array (concatenate along third dimension)</P>
	<P Name="FixptAsFi">on</P>
	<P Name="SampleTime">-1</P>
      </Block>
      <Block BlockType="ToWorkspace" Name="To Workspace4" SID="65">
	<P Name="Ports">[1]</P>
	<P Name="Position">[2165, 270, 2235, 300]</P>
	<P Name="ZOrder">75</P>
	<P Name="VariableName">FrictionTorqueSc</P>
	<P Name="MaxDataPoints">inf</P>
	<P Name="SaveFormat">Structure With Time</P>
	<P Name="Save2DSignal">3-D array (concatenate along third dimension)</P>
	<P Name="FixptAsFi">on</P>
	<P Name="SampleTime">-1</P>
      </Block>
      <Line LineType="Connection">
	<P Name="ZOrder">77</P>
	<P Name="Src">31#rconn:1</P>
	<P Name="Points">[0, -7; -45, 0]</P>
	<Branch ConnectType="DEST_DEST">
	  <P Name="Src">47#rconn:2</P>
	  <P Name="Points">[0, 13; 30, 0]</P>
	</Branch>
	<Branch ConnectType="DEST_SRC">
	  <P Name="Points">[0, 28]</P>
	  <Branch ConnectType="DEST_DEST">
	    <P Name="Src">48#rconn:1</P>
	    <P Name="Points">[10, 0; 0, -39; 35, 0]</P>
	  </Branch>
	  <Branch ConnectType="DEST_SRC">
	    <P Name="Dst">34#lconn:1</P>
	  </Branch>
	</Branch>
      </Line>
      <Line LineType="Connection">
	<P Name="ZOrder">81</P>
	<P Name="Src">31#rconn:2</P>
	<P Name="Points">[80, 0]</P>
	<P Name="Dst">36#lconn:1</P>
      </Line>
      <Line LineType="Connection">
	<P Name="ZOrder">86</P>
	<P Name="Src">40#lconn:1</P>
	<P Name="Points">[-55, 0]</P>
	<Branch ConnectType="DEST_DEST">
	  <P Name="Src">39#lconn:1</P>
	  <P Name="Points">[0, 10]</P>
	</Branch>
	<Branch ConnectType="DEST_SRC">
	  <P Name="Points">[-70, 0]</P>
	  <Branch ConnectType="DEST_SRC">
	    <P Name="Dst">38#lconn:1</P>
	  </Branch>
	  <Branch ConnectType="DEST_DEST">
	    <P Name="Src">63#rconn:1</P>
	    <P Name="Points">[55, 0]</P>
	  </Branch>
	</Branch>
      </Line>
      <Line LineType="Connection">
	<P Name="ZOrder">97</P>
	<P Name="Src">41#lconn:1</P>
	<P Name="Points">[-57, 0; 0, -15]</P>
	<P Name="Dst">40#rconn:2</P>
      </Line>
      <Line LineType="Connection">
	<P Name="ZOrder">98</P>
	<P Name="Src">42#lconn:1</P>
	<P Name="Points">[-88, 0; 0, -65]</P>
	<P Name="Dst">40#rconn:3</P>
      </Line>
      <Line>
	<P Name="ZOrder">93</P>
	<P Name="Src">41#out:1</P>
	<P Name="Dst">44#in:1</P>
      </Line>
      <Line>
	<P Name="ZOrder">94</P>
	<P Name="Src">42#out:1</P>
	<P Name="Dst">43#in:1</P>
      </Line>
      <Line LineType="Connection">
	<P Name="ZOrder">101</P>
	<P Name="Src">47#rconn:1</P>
	<P Name="Dst">46#rconn:1</P>
      </Line>
      <Line LineType="Connection">
	<P Name="ZOrder">102</P>
	<P Name="Src">47#lconn:1</P>
	<P Name="Points">[85, 0]</P>
	<P Name="Dst">31#lconn:1</P>
      </Line>
      <Line>
	<P Name="ZOrder">222</P>
	<P Name="Src">67#out:1</P>
	<P Name="Dst">46#in:1</P>
      </Line>
      <Line LineType="Connection">
	<P Name="ZOrder">177</P>
	<P Name="Src">40#rconn:1</P>
	<P Name="Points">[-7, 0; 0, -112; 27, 0]</P>
	<P Name="Dst">50#lconn:1</P>
      </Line>
      <Line LineType="Connection">
	<P Name="ZOrder">191</P>
	<P Name="Src">60#lconn:1</P>
	<P Name="Points">[-58, 0; 0, -110]</P>
	<P Name="Dst">59#rconn:2</P>
      </Line>
      <Line>
	<P Name="ZOrder">190</P>
	<P Name="Src">60#out:1</P>
	<P Name="Points">[16, 0]</P>
	<Branch>
	  <P Name="ZOrder">240</P>
	  <P Name="Points">[0, 65]</P>
	  <P Name="Dst">74#in:1</P>
	</Branch>
	<Branch>
	  <P Name="ZOrder">239</P>
	  <P Name="Dst">61#in:1</P>
	</Branch>
      </Line>
      <Line LineType="Connection">
	<P Name="ZOrder">195</P>
	<P Name="Src">59#lconn:1</P>
	<P Name="Points">[-55, 0]</P>
	<P Name="Dst">31#lconn:2</P>
      </Line>
      <Line LineType="Connection">
	<P Name="ZOrder">211</P>
	<P Name="Src">64#lconn:1</P>
	<P Name="Points">[-58, 0; 0, -120]</P>
	<P Name="Dst">63#rconn:2</P>
      </Line>
      <Line>
	<P Name="ZOrder">210</P>
	<P Name="Src">64#out:1</P>
	<P Name="Dst">65#in:1</P>
      </Line>
      <Line>
	<P Name="ZOrder">213</P>
	<P Name="Src">73#out:1</P>
	<P Name="Dst">70#in:1</P>
      </Line>
      <Line>
	<P Name="ZOrder">216</P>
	<P Name="Src">69#out:1</P>
	<P Name="Points">[25, 0; 0, 15; 10, 0]</P>
	<Branch>
	  <P Name="ZOrder">215</P>
	  <P Name="Points">[0, 80]</P>
	  <P Name="Dst">71#in:1</P>
	</Branch>
	<Branch>
	  <P Name="ZOrder">214</P>
	  <P Name="Dst">68#in:1</P>
	</Branch>
      </Line>
      <Line>
	<P Name="ZOrder">217</P>
	<P Name="Src">72#out:1</P>
	<P Name="Dst">71#in:2</P>
      </Line>
      <Line>
	<P Name="ZOrder">218</P>
	<P Name="Src">70#out:1</P>
	<P Name="Points">[15, 0; 0, 50]</P>
	<P Name="Dst">67#in:1</P>
      </Line>
      <Line>
	<P Name="ZOrder">219</P>
	<P Name="Src">71#out:1</P>
	<P Name="Points">[5, 0; 0, -90]</P>
	<P Name="Dst">67#in:2</P>
      </Line>
      <Line>
	<P Name="ZOrder">220</P>
	<P Name="Src">68#out:1</P>
	<P Name="Points">[5, 0]</P>
	<P Name="Dst">70#in:2</P>
      </Line>
      <Line LineType="Connection">
	<P Name="ZOrder">242</P>
	<P Name="Src">37#rconn:1</P>
	<P Name="Dst">52#lconn:1</P>
      </Line>
      <Line LineType="Connection">
	<P Name="ZOrder">244</P>
	<P Name="Src">59#rconn:1</P>
	<P Name="Dst">37#lconn:1</P>
      </Line>
      <Line LineType="Connection">
	<P Name="ZOrder">245</P>
	<P Name="Src">52#rconn:1</P>
	<P Name="Dst">63#lconn:1</P>
      </Line>
    </System>
  </Model>
</ModelInformation>
